"draw","ok","a0","a1","b","c","g1","g2"
1,1,34.6564049883347,-1.78834183667556,0.0173869777160005,0.754325235137517,0.0926015142091732,-0.325012792477581
2,0,NA,NA,NA,NA,NA,NA
3,1,29.3865613083317,1.67602925541762,0.0218830555448593,0.865697288996795,0.0301319456495465,-0.372045473780031
4,1,26.0690999363365,0.926980872515872,0.0230718511714674,0.821151294612208,0.0706500113010632,-0.304373701856236
5,0,NA,NA,NA,NA,NA,NA
6,0,NA,NA,NA,NA,NA,NA
7,0,NA,NA,NA,NA,NA,NA
8,1,27.130813177942,0.842845514816699,0.0204716183691521,0.794376644909843,0.0811470324290046,-0.357100982679252
9,1,40.1759598030439,1.93623910731442,0.0157091365071469,0.866564502162119,0.0422095120133906,-0.439432692707939
10,1,29.7588259966759,0.121957305921195,0.0165314613720812,0.745580704714137,0.0817736618810294,-0.314592094510574
11,0,NA,NA,NA,NA,NA,NA
12,1,27.6923865535507,1.09187539123543,0.0230671248744494,0.843289384789413,0.0520992480695736,-0.329358283450232
13,1,23.17907480773,0.121728685141721,0.0246382662178032,0.745158556281763,0.0860370967319954,-0.248464536937059
14,0,NA,NA,NA,NA,NA,NA
15,1,29.565466467198,0.019194952921598,0.0227471229232764,0.7831924803697,0.0415903116116616,-0.319072257449602
16,1,40.3794383231641,-0.771424802359202,0.0158675637163752,0.789271854695962,0.0544683099068683,-0.391016118919679
17,1,31.4588981201512,1.16719776125629,0.0186688753217139,0.837883136736231,0.0663333311626302,-0.382558288402025
18,1,24.1337843816982,0.764006069820535,0.0272259122830977,0.835707594271997,0.0657039302447227,-0.32057274944212
19,1,36.5088979790997,1.42146869060005,0.0162173894738714,0.829501818712031,0.0418828091951002,-0.414010915115834
20,0,NA,NA,NA,NA,NA,NA
21,1,25.2467144761057,0.721995800907775,0.0193827987784473,0.781100681434798,0.0948260763327909,-0.305021343976353
22,0,NA,NA,NA,NA,NA,NA
23,1,39.2698811686859,2.42093222495832,0.0178162815341537,0.853015593796743,-0.00477629596889364,-0.469017952055939
24,1,33.2826434504121,0.446991847692994,0.0167402074923321,0.791902371666688,0.076894809146052,-0.365868659416372
25,0,NA,NA,NA,NA,NA,NA
26,1,25.8414805059748,0.838162120463742,0.0198084436284888,0.78198626838718,0.0768317393720083,-0.274692766347347
27,0,NA,NA,NA,NA,NA,NA
28,1,34.9601470816287,1.90728111399373,0.0167172945603719,0.839070925415677,0.0357632028352379,-0.413608031167687
29,1,30.3810686667858,1.24520468364909,0.0171968039620375,0.813759149312261,0.0731758527814468,-0.349389145651096
30,1,29.8929963985639,1.11067755566879,0.017632071841802,0.800186323600788,0.0806048751440149,-0.390115255120788
31,1,43.6797546969498,-0.145998561066311,0.0156417204108913,0.819073764450587,0.0500804653023579,-0.489536976053221
32,1,39.2263236923907,0.748295988121029,0.0143908014341618,0.795570006681768,0.0662662214350985,-0.466877290967855
33,1,29.1866577946908,1.27631065130145,0.0191672931776456,0.822366656587328,0.0576517550202604,-0.340119209852414
34,0,NA,NA,NA,NA,NA,NA
35,1,21.1442576043454,0.598014008732768,0.0262520706373835,0.805771172783826,0.0911457189703273,-0.253108636212998
36,1,18.2975535990208,0.0589377807731734,0.0270548897179342,0.685095966055672,0.0850648411742635,-0.0869804362376002
37,1,28.9006092154209,-0.0223116048278827,0.022041405400736,0.795334834372347,0.0588175201974531,-0.296811605081466
38,1,28.2196406784094,-0.985566985810241,0.0196564360225174,0.743439776482307,0.0827776549972769,-0.276265744134479
39,1,26.2920973565922,0.500975862358424,0.0219560139182732,0.758931259884659,0.0646937735405368,-0.283020066538278
40,1,25.0458168714216,-0.0718069059800828,0.0207297690483116,0.726451359194741,0.0906184086542298,-0.253904907606683
41,1,29.5558318914435,1.37206217548374,0.0183799014521022,0.832147739378219,0.0655644703065559,-0.356070063557861
42,0,NA,NA,NA,NA,NA,NA
43,1,29.2253859942247,1.34160711501212,0.0184778571803491,0.816648070689819,0.0736506696626259,-0.363319107121252
44,1,32.0354555145451,1.20670241945374,0.0177066992259294,0.823657653074422,0.0606641067166116,-0.348844757985313
45,1,22.4875484754259,0.793605512174712,0.0251712749899968,0.802428050659731,0.0716214136156135,-0.282326097315338
46,1,33.7983732994181,0.395103382098004,0.0152728071011733,0.759510927840206,0.0638337073957091,-0.356760904776898
47,1,30.2513187355933,1.12780957802166,0.0158757854863788,0.800658481663962,0.0807241552670154,-0.315151217314432
48,0,NA,NA,NA,NA,NA,NA
49,1,29.7659648131801,1.30293863680214,0.0168938031109726,0.824633248067355,0.0812736223628251,-0.352225349959556
50,1,27.0624301953674,0.23231545765687,0.016233615471439,0.709287106056908,0.0769289169785735,-0.277116536592631
51,1,23.1560159627687,0.629104607823584,0.0262675454673832,0.805855251856315,0.0767059835816844,-0.278084401494636
52,1,22.5280544286883,0.688760279669626,0.0212755455065168,0.777419085804583,0.0906346031410815,-0.205723742831977
53,1,26.0130394309631,0.922626193522238,0.0197685099384719,0.788645337708225,0.0605053914705571,-0.272906500193255
54,0,NA,NA,NA,NA,NA,NA
55,1,26.0510230964587,0.87637101192416,0.0222752073083645,0.818374973817311,0.0535188184744219,-0.248783866129177
56,1,34.7670208578895,1.30752726342299,0.0157033496201462,0.817741856095567,0.0609579711365899,-0.385513107531499
57,0,NA,NA,NA,NA,NA,NA
58,0,NA,NA,NA,NA,NA,NA
59,0,NA,NA,NA,NA,NA,NA
60,1,28.6123556078365,0.450871359610145,0.0209714177683559,0.797860936194496,0.0603373501653803,-0.340595550673302
61,1,22.1425059182515,0.634748611721432,0.0225866759250076,0.77808112105813,0.0995672698531823,-0.237335113920565
62,1,31.059671249038,1.19774963774182,0.0202183578676082,0.818963981873162,0.0397603233319131,-0.373781999422729
63,0,NA,NA,NA,NA,NA,NA
64,1,36.2247678174813,1.95078562147048,0.0188591265008554,0.855811613818002,0.026187143815605,-0.456074156632326
65,1,27.6956080870845,0.284534164133431,0.0230973099897117,0.757540957179409,0.0363788379949604,-0.273308257474536
66,0,NA,NA,NA,NA,NA,NA
67,1,23.1061087900709,0.614863412207681,0.0240151394572929,0.783013038550783,0.0834627817889398,-0.255223687996203
68,0,NA,NA,NA,NA,NA,NA
69,0,NA,NA,NA,NA,NA,NA
70,0,NA,NA,NA,NA,NA,NA
71,1,33.9202994068235,1.54792288035725,0.0164481664001642,0.844210525800142,0.0594039765132358,-0.396637868292333
72,1,29.6323546920534,1.4804403594254,0.0196874456221627,0.84049478649816,0.0582887439744594,-0.379844018424979
73,1,27.6970698517607,1.24528687322715,0.0202452654872778,0.819041863663615,0.059517745648745,-0.377884680985573
74,1,25.687132942226,0.830733737436352,0.0245493654353066,0.842605673900267,0.0736690269193315,-0.293868832049361
75,1,32.076954808007,0.275478002455387,0.0162796468469211,0.789358118913576,0.0858399064333404,-0.343962084364487
76,0,NA,NA,NA,NA,NA,NA
77,1,27.0223425762306,1.29073100078406,0.0248030047704985,0.875920677114828,0.0582108507663181,-0.380597226150578
78,0,NA,NA,NA,NA,NA,NA
79,0,NA,NA,NA,NA,NA,NA
80,0,NA,NA,NA,NA,NA,NA
81,1,30.8425515549701,1.3911299474761,0.0203214785124562,0.849489996829517,0.0503937529577931,-0.394663092379555
82,1,32.9400150999545,1.65693917493531,0.0213155858696212,0.885479407593379,0.0276485253964206,-0.391863223296128
83,0,NA,NA,NA,NA,NA,NA
84,1,27.2028426903129,-0.0620538195476375,0.0167584883724661,0.716855887519524,0.0935696202450522,-0.27380630492278
85,1,33.9443890395924,0.0091624966380937,0.0193309659627733,0.826883151537861,0.0819833694530333,-0.401004277600629
86,0,NA,NA,NA,NA,NA,NA
87,0,NA,NA,NA,NA,NA,NA
88,0,NA,NA,NA,NA,NA,NA
89,0,NA,NA,NA,NA,NA,NA
90,0,NA,NA,NA,NA,NA,NA
91,1,21.8396097475398,0.522857304263114,0.016837444180685,0.661191922611271,0.0995176366376096,-0.222814221893109
92,1,23.9916252946403,0.61270064124267,0.0231861299705822,0.793955937136114,0.0837560567459015,-0.256203415041942
93,0,NA,NA,NA,NA,NA,NA
94,1,32.2247065485528,0.193714949212644,0.0186371564314292,0.791227257275074,0.0620862385602688,-0.359160145171218
95,1,27.4231147383906,0.985427277638632,0.0194957116200106,0.814877464286093,0.0754400935348745,-0.320602279875047
96,1,28.0150791075402,1.22716545915772,0.0212105544866099,0.834921491796879,0.0639339166355298,-0.352348959900168
97,0,NA,NA,NA,NA,NA,NA
98,1,34.8761336757206,0.219634269986745,0.0171080753061296,0.80643195638155,0.06633239754301,-0.385748528247938
99,1,29.4657536169921,0.911733056374021,0.0211940515192753,0.8376228998394,0.0663628753525892,-0.375407211438114
100,0,NA,NA,NA,NA,NA,NA
101,1,21.4158601034014,0.315870338206934,0.0201257976795155,0.711101217611448,0.107396443815027,-0.217508726791101
102,1,31.8282734257224,1.64672342482849,0.0178729670508775,0.84839169045797,0.0526030217244507,-0.350625424813153
103,1,40.5826523564466,-0.767191803167873,0.0184909558080245,0.84598751231606,0.0408348650244812,-0.456289953351051
104,0,NA,NA,NA,NA,NA,NA
105,1,28.1320046637373,-0.893447350467822,0.0224856365572058,0.752422287791072,0.0770217219841983,-0.299509404021846
106,1,50.2132955197443,3.5695830855733,0.0126749725996104,0.899366443351703,0.0229862752314718,-0.53591948940504
107,1,31.4195924276549,0.971875767971148,0.0141566445951348,0.739210486833825,0.0787722674335046,-0.337497129127044
108,1,45.5835027112101,0.218991103731487,0.0121013511200412,0.803238969782325,0.0665608110770602,-0.477139456070063
109,0,NA,NA,NA,NA,NA,NA
110,0,NA,NA,NA,NA,NA,NA
111,1,25.3185009671578,0.203956263030193,0.025467230128798,0.774575826559106,0.0565529155729539,-0.280672391135018
112,0,NA,NA,NA,NA,NA,NA
113,0,NA,NA,NA,NA,NA,NA
114,1,28.3939611652245,1.01029681376047,0.0203296154213353,0.82294862318097,0.0629043393340676,-0.350434804555222
115,0,NA,NA,NA,NA,NA,NA
116,0,NA,NA,NA,NA,NA,NA
117,0,NA,NA,NA,NA,NA,NA
118,1,22.4820482279208,1.03378248141227,0.02491427914921,0.835200397549613,0.0738625711382288,-0.28225815636115
119,0,NA,NA,NA,NA,NA,NA
120,1,23.3227356637942,0.55929949257609,0.0199677196742138,0.759119662949528,0.100713684720139,-0.255470387823185
121,0,NA,NA,NA,NA,NA,NA
122,1,36.3688241588937,-1.36365663354877,0.0203512761049318,0.80788775800097,0.0423687476752637,-0.365490447279896
123,0,NA,NA,NA,NA,NA,NA
124,1,56.7345657670718,-2.65231684415573,0.0154713324877671,0.84894974075922,0.0242912430243789,-0.507401166727482
125,0,NA,NA,NA,NA,NA,NA
126,1,29.155345877533,-0.280543985545632,0.0256558290155816,0.82690179785907,0.0659358702262827,-0.326897866597277
127,0,NA,NA,NA,NA,NA,NA
128,1,28.2591896130917,1.17667019658605,0.017548443449384,0.799171617553625,0.0829101518774813,-0.320812672429923
129,1,40.5847863023121,2.21998042678152,0.0135782938873872,0.85635304684238,0.0558161525897744,-0.506834332625488
130,1,25.6019633192143,0.993241342372558,0.0203502269272816,0.79820405784922,0.0735298375338097,-0.315455268120048
131,1,25.4815519568956,0.071261918625605,0.0204233744345728,0.741483117791109,0.0938440680802608,-0.256955316035635
132,1,37.1821159411907,-0.624958476665825,0.0182237328938042,0.81655826021841,0.0617292417400344,-0.403741052357478
133,0,NA,NA,NA,NA,NA,NA
134,1,23.1124463759765,0.249639740835144,0.0223409319255659,0.71348705313196,0.0921025194787068,-0.279533392942158
135,1,41.5836991675657,0.119517121830759,0.0188777256192602,0.858419778877139,0.0108114121144714,-0.431297790785022
136,0,NA,NA,NA,NA,NA,NA
137,0,NA,NA,NA,NA,NA,NA
138,0,NA,NA,NA,NA,NA,NA
139,0,NA,NA,NA,NA,NA,NA
140,0,NA,NA,NA,NA,NA,NA
141,1,34.2638874969219,1.54725875583072,0.0207152133350365,0.883200860836959,0.0259548812539411,-0.404259137992037
142,1,27.9915492993626,1.10729263635626,0.0168295873602941,0.796859703596363,0.0876221202043708,-0.332781802655848
143,1,31.4495638868796,1.14873282060011,0.016780952114247,0.808698871825161,0.0750383236948389,-0.387244536075712
144,0,NA,NA,NA,NA,NA,NA
145,1,34.269064094788,1.50885185909536,0.0163160523419641,0.836454035671263,0.0685698996617116,-0.431477417673845
146,1,23.4776626514321,0.336914019582704,0.0202698610066611,0.727448961831391,0.0981776924577724,-0.211415473146173
147,1,30.8482586341543,1.65925102498001,0.0195401690789542,0.860588753284307,0.0507983071032448,-0.380075195311327
148,0,NA,NA,NA,NA,NA,NA
149,1,29.0782222142433,1.25448159691226,0.019029935723019,0.830299576608045,0.0697801642089111,-0.372670319322225
150,0,NA,NA,NA,NA,NA,NA
151,0,NA,NA,NA,NA,NA,NA
152,0,NA,NA,NA,NA,NA,NA
153,1,40.3562297263817,-0.608500401407665,0.0202139965346874,0.857289271804621,0.0269042713005751,-0.433082789844899
154,1,44.5786175987323,0.496693676191072,0.0139296412094381,0.824139990786838,0.050992358203505,-0.457024657508384
155,1,31.4323903877841,1.24420928543717,0.0175527124101004,0.815089301678684,0.0541022422590436,-0.37086950140547
156,1,30.1917236891352,0.969264593374287,0.0193806795432377,0.825120061370961,0.0718209715926841,-0.347311875420846
157,1,25.9718207658509,1.00090742412532,0.0190187546983096,0.7842476697903,0.0794945607838184,-0.278858853587644
158,1,35.0421545704093,0.246948140072475,0.0205016556512277,0.846625913541142,0.0424863837218918,-0.404434831028516
159,1,32.3509344360983,1.40663523842517,0.0224214106488867,0.864978198813319,0.0191737318327885,-0.37574533772126
160,1,32.3659147336987,0.178400529669321,0.0254220294492762,0.84928491490276,0.0383842759500239,-0.407424440162661
161,0,NA,NA,NA,NA,NA,NA
162,0,NA,NA,NA,NA,NA,NA
163,0,NA,NA,NA,NA,NA,NA
164,1,34.1998865934765,1.45146468141007,0.0171676931586609,0.83575358349626,0.0606731916365269,-0.435537059860433
165,1,46.3440846964286,3.06928399722173,0.0129113787156801,0.862078787893527,0.0205101693946355,-0.498193261223913
166,0,NA,NA,NA,NA,NA,NA
167,0,NA,NA,NA,NA,NA,NA
168,1,29.827982039659,0.997270626814731,0.0173821768355363,0.792662278165212,0.0656828089366299,-0.345338509526939
169,1,30.2877273991748,0.935692576120883,0.0150236157096538,0.771214511817094,0.0902845673754156,-0.322425093731309
170,0,NA,NA,NA,NA,NA,NA
171,1,27.8121187997385,0.995496547444411,0.0218707696798469,0.832230187242212,0.061314477244316,-0.304890719982723
172,1,30.8737238855882,1.79012960865816,0.0188356974223224,0.880225222766183,0.0608424928249015,-0.399390034806314
173,0,NA,NA,NA,NA,NA,NA
174,0,NA,NA,NA,NA,NA,NA
175,1,28.8059252301595,1.19712097929281,0.0191926875579327,0.82162654986147,0.0606029831836119,-0.338057680966488
176,0,NA,NA,NA,NA,NA,NA
177,1,26.5039171067925,-1.11647338975354,0.0182640260991593,0.694961826178866,0.114664633679526,-0.276520122309103
178,0,NA,NA,NA,NA,NA,NA
179,0,NA,NA,NA,NA,NA,NA
180,0,NA,NA,NA,NA,NA,NA
181,0,NA,NA,NA,NA,NA,NA
182,1,33.1015590401078,-0.0391556870648573,0.0238542205234816,0.856826469675128,0.0271002185400305,-0.349015863316869
183,1,21.5131666251341,0.54581585163113,0.0259426782392193,0.790603187315276,0.09186277092095,-0.220360650411579
184,0,NA,NA,NA,NA,NA,NA
185,0,NA,NA,NA,NA,NA,NA
186,0,NA,NA,NA,NA,NA,NA
187,0,NA,NA,NA,NA,NA,NA
188,1,24.2185243239968,0.0509241755086761,0.0257291805349029,0.769571058173583,0.079947984489981,-0.268601807626689
189,0,NA,NA,NA,NA,NA,NA
190,1,31.8124940099292,1.84189736492379,0.0208263794823886,0.868934479430859,0.0244300084323623,-0.40290611546604
191,1,23.6671997658252,0.748554063662025,0.02235913590883,0.757410960926238,0.0707067788384307,-0.277268540691746
192,0,NA,NA,NA,NA,NA,NA
193,1,47.1213519764523,2.65237919477163,0.0137311074942323,0.885953075664137,0.0370023206011837,-0.479686865950514
194,1,23.8708329403165,-1.00541971784822,0.0296011361006353,0.772364846596657,0.0922188353252659,-0.260469898366364
195,1,41.4509142092486,-0.0623338662106852,0.0159871385683226,0.807433432432027,0.0341002233299205,-0.419152614962933
196,0,NA,NA,NA,NA,NA,NA
197,1,31.8071535373994,1.65262769802258,0.0192703253068814,0.862392570281512,0.0407426515426295,-0.380173355766319
198,0,NA,NA,NA,NA,NA,NA
199,1,31.9154615632745,-1.20375153479738,0.0185971417199982,0.779744022114179,0.0780452000464175,-0.293185655453541
200,1,23.9719502479588,-0.701751432050858,0.0205800613537093,0.691894197058275,0.100550586410393,-0.213894378617927
201,1,27.4589168350165,1.02999727736453,0.017060409657583,0.769337301301599,0.0807306821495702,-0.299448023030972
202,1,28.5937472151841,0.207232012030262,0.0199192288708018,0.781285963817971,0.0882668125796161,-0.369527358869604
203,1,27.0345849746397,1.19965593134851,0.0185564919129303,0.784413670432545,0.0575228105438899,-0.298119133946424
204,1,29.5251852476262,1.12041783660303,0.0180583229688517,0.809876409957523,0.0680578925549811,-0.340693883294757
205,1,34.9129966259901,1.60336432889756,0.0158183606928962,0.830330106884772,0.0697861322624085,-0.453411654357738
206,0,NA,NA,NA,NA,NA,NA
207,0,NA,NA,NA,NA,NA,NA
208,1,32.361738279015,-1.29902326528774,0.0233500257578721,0.792489100951782,0.0530758173985974,-0.352946659069972
209,0,NA,NA,NA,NA,NA,NA
210,0,NA,NA,NA,NA,NA,NA
211,1,28.9575198254905,1.00368448432936,0.0178904855830898,0.790988648545254,0.0718096497312049,-0.33015923134884
212,1,25.3079450331912,0.839721922340055,0.0201211528001886,0.785873978748646,0.0798920177572388,-0.339183186446968
213,1,28.4701264143761,1.04441042678573,0.0206642578840761,0.81824242745977,0.0489002465378177,-0.347398601914819
214,1,31.6724740146597,1.27768677453782,0.0143644783629143,0.790696003867973,0.0765067504162467,-0.339352275641651
215,0,NA,NA,NA,NA,NA,NA
216,0,NA,NA,NA,NA,NA,NA
217,1,31.3309484523904,0.748295231957567,0.0187617726564982,0.813778849335711,0.0636632629003743,-0.328144109045001
218,1,45.0993065065046,-1.55784279932458,0.0190643586473513,0.842882626157908,0.0449170833129125,-0.459863777302749
219,0,NA,NA,NA,NA,NA,NA
220,0,NA,NA,NA,NA,NA,NA
221,0,NA,NA,NA,NA,NA,NA
222,1,34.3772995523002,0.44756173018559,0.0163209269117954,0.786208071337863,0.0637855337076442,-0.370511303229041
223,0,NA,NA,NA,NA,NA,NA
224,0,NA,NA,NA,NA,NA,NA
225,1,47.1049252103647,1.07233446839785,0.0146033345169176,0.857365477414508,0.00607689611174509,-0.456763385755599
226,0,NA,NA,NA,NA,NA,NA
227,1,39.4445748985398,0.803522538799453,0.0144715230485306,0.778602286009995,0.0426518545765319,-0.446553950227725
228,0,NA,NA,NA,NA,NA,NA
229,0,NA,NA,NA,NA,NA,NA
230,1,24.3244278228202,0.110776219217039,0.0283149092118177,0.800720258528056,0.0724933356601727,-0.288179561524443
231,1,28.5698384855372,1.2183834467798,0.020699052418872,0.853839971986323,0.0682484877252227,-0.3729319273829
232,1,25.1161430834216,0.0786411940448267,0.0219479060061245,0.768427167867328,0.0816403171226604,-0.27469889180529
233,0,NA,NA,NA,NA,NA,NA
234,1,27.576130334431,-0.307899433659746,0.0208558694415789,0.755927339299103,0.0890427065683703,-0.294832952480696
235,1,37.197502091646,-0.00566799794077878,0.0139222510800136,0.770332312815328,0.0642028953703982,-0.390039718849958
236,1,37.0795450997209,0.596008157738558,0.0149677273353785,0.799799716683032,0.0528147232218687,-0.392252237882904
237,0,NA,NA,NA,NA,NA,NA
238,0,NA,NA,NA,NA,NA,NA
239,1,23.9961334910834,0.762929459625928,0.0241379415665699,0.799525741808359,0.0680687672847962,-0.311196792521439
240,0,NA,NA,NA,NA,NA,NA
241,0,NA,NA,NA,NA,NA,NA
242,1,42.102240449482,1.72475826701635,0.0120352172678048,0.803811025749051,0.0411839905588808,-0.405065534554595
243,0,NA,NA,NA,NA,NA,NA
244,0,NA,NA,NA,NA,NA,NA
245,1,23.9968816365874,1.13546367520236,0.0223064786689977,0.829204134460683,0.0778398661989742,-0.27142879010935
246,0,NA,NA,NA,NA,NA,NA
247,0,NA,NA,NA,NA,NA,NA
248,0,NA,NA,NA,NA,NA,NA
249,1,45.0495518029629,0.893905108834849,0.017128374940518,0.86265116424903,0.00231614210158412,-0.462840100292325
250,1,27.4691604537283,0.874180264054034,0.0210334777760628,0.827605589128232,0.0693342115680557,-0.324244438348961
251,1,32.920364573664,1.72545539690213,0.0178411689084572,0.872701160792187,0.0565767045601559,-0.404583111734245
252,0,NA,NA,NA,NA,NA,NA
253,0,NA,NA,NA,NA,NA,NA
254,1,27.7322648283088,1.17197872266126,0.0175353518604578,0.800897214314679,0.0852625902711904,-0.319109361806637
255,1,40.1242852171254,-0.660937278556796,0.0167595776398842,0.797493090506858,0.0477021120094408,-0.474799781535236
256,1,31.7927496984495,-1.05122856913956,0.0204702839512782,0.780226803899164,0.0613652299648809,-0.301894403417392
257,0,NA,NA,NA,NA,NA,NA
258,0,NA,NA,NA,NA,NA,NA
259,0,NA,NA,NA,NA,NA,NA
260,1,41.8932613429763,2.62131929609079,0.0144266157603016,0.888915196544112,0.0477989483617664,-0.48012114867603
261,1,30.6631886212525,1.25454915664768,0.0194951784981224,0.836509002899252,0.0629634117925372,-0.35736613127113
262,1,34.0711257012516,1.06429699152963,0.0166185543908185,0.822110010935205,0.0682394201231701,-0.376983674706298
263,0,NA,NA,NA,NA,NA,NA
264,0,NA,NA,NA,NA,NA,NA
265,0,NA,NA,NA,NA,NA,NA
266,0,NA,NA,NA,NA,NA,NA
267,0,NA,NA,NA,NA,NA,NA
268,1,30.7912721981094,1.32484710107004,0.0162595424096138,0.794254275921756,0.0652421415912487,-0.351382257898669
269,1,54.7974124278747,0.49302003067573,0.0145384075696717,0.873012075669793,0.022092603762224,-0.542189857220327
270,1,37.270097913638,1.35395860395625,0.0155093495895472,0.81629811929772,0.0416239747636624,-0.377941194909435
271,0,NA,NA,NA,NA,NA,NA
272,1,28.4970808711599,1.31884341186849,0.0189610415032799,0.816897709623391,0.0698500965055144,-0.357860421300662
273,0,NA,NA,NA,NA,NA,NA
274,1,31.2019333038562,1.55031160613388,0.0176302207091073,0.849490714554604,0.0634248345843051,-0.350595775392414
275,0,NA,NA,NA,NA,NA,NA
276,1,32.9564043026736,1.86126862447073,0.0196352918895164,0.866501341060375,0.0362925905381632,-0.403824026331956
277,1,43.9519541307697,0.952487431832443,0.0150198000083327,0.843274777764397,0.0376005324006855,-0.516550777709091
278,1,24.8132560888384,0.163180489381522,0.0196651218113354,0.732271643601956,0.0836159410938771,-0.235727192210123
279,0,NA,NA,NA,NA,NA,NA
280,0,NA,NA,NA,NA,NA,NA
281,1,28.2802344559091,-0.0458310714475525,0.0213743851007098,0.78982736232618,0.0791979542942634,-0.32266524969665
282,1,34.9170260631364,1.92961040329359,0.0183706274470485,0.859404537800205,0.0214287393999516,-0.402820033506967
283,1,27.3705432875005,0.796109602419945,0.0211341669058497,0.80156919366223,0.0661389015985923,-0.317914105110034
284,1,28.6922152719565,1.12175902566269,0.0183010288661134,0.780977011933082,0.0557875744673146,-0.335214013056946
285,1,26.5540268883843,-0.992871063867116,0.0212328701451732,0.732660884785393,0.086756466852187,-0.233507811690952
286,1,35.1279631692349,0.47572078631588,0.0177066476365328,0.81080990917073,0.034659284919858,-0.368910230148849
287,1,41.0749210095286,-1.27036363747695,0.0149632752714217,0.776809572158826,0.0665169657511782,-0.400089915042914
288,1,34.2498976459559,-0.769059241557159,0.0202982159998664,0.811149724088911,0.0635882127384911,-0.34638566869164
289,1,25.94491762328,-0.109178486996983,0.0297061661271224,0.822644492445891,0.0542004021564771,-0.301088596246493
290,0,NA,NA,NA,NA,NA,NA
291,0,NA,NA,NA,NA,NA,NA
292,0,NA,NA,NA,NA,NA,NA
293,1,35.7038087656775,1.61383520364062,0.0148729683032532,0.815940856309125,0.0719464950921318,-0.438281846564665
294,0,NA,NA,NA,NA,NA,NA
295,0,NA,NA,NA,NA,NA,NA
296,0,NA,NA,NA,NA,NA,NA
297,0,NA,NA,NA,NA,NA,NA
298,0,NA,NA,NA,NA,NA,NA
299,0,NA,NA,NA,NA,NA,NA
300,0,NA,NA,NA,NA,NA,NA
301,1,33.1112765987071,0.557429538200813,0.0150009856238236,0.768664965198304,0.0781556096242202,-0.387297007070152
302,1,32.3690958087272,1.54814698412116,0.0155948704065629,0.827378736259346,0.0736739746596866,-0.390701257253586
303,0,NA,NA,NA,NA,NA,NA
304,0,NA,NA,NA,NA,NA,NA
305,1,35.4126971964941,1.47428338362995,0.0143136710127869,0.801065439573825,0.065418448343235,-0.419614083989163
306,0,NA,NA,NA,NA,NA,NA
307,1,32.1807357438471,-0.663799146046854,0.0161537465385915,0.726424305020219,0.0811095225463318,-0.328172275037295
308,0,NA,NA,NA,NA,NA,NA
309,0,NA,NA,NA,NA,NA,NA
310,1,42.8735473695027,2.1616845166591,0.0144709369719204,0.833130669698547,0.0192769670987739,-0.441913047590578
311,1,34.2105854781502,2.09010873033923,0.0209407715712663,0.915854707953287,0.0353032101052244,-0.421168174681624
312,1,28.5529589171508,0.916355595079571,0.0203558659531015,0.816634272830947,0.0637061192555835,-0.339648092893633
313,1,30.6004081940521,1.39666094088261,0.0198246487096641,0.855096351362691,0.0646257034953399,-0.390055608195265
314,0,NA,NA,NA,NA,NA,NA
315,1,33.0254973545217,2.00398772316474,0.0198766834225463,0.873768059767594,0.0270125755346826,-0.411442720473841
316,1,31.6269759923188,1.24033707423027,0.0173658447268709,0.828700607229519,0.068576529316774,-0.3537821116074
317,0,NA,NA,NA,NA,NA,NA
318,0,NA,NA,NA,NA,NA,NA
319,0,NA,NA,NA,NA,NA,NA
320,1,24.2127177493536,0.884465562493805,0.0210387474236489,0.783465615669794,0.0617213803279405,-0.256092645175891
321,1,31.9074488523073,0.166946567409439,0.0189647389951166,0.789362563080846,0.0501436228788538,-0.339182348739542
322,0,NA,NA,NA,NA,NA,NA
323,1,33.7123285165566,1.69347279708895,0.0161976816315729,0.834171924378826,0.0645640058265989,-0.395196189954582
324,1,20.7065792409192,0.591705574610455,0.0206455641064829,0.721364231842665,0.101235960844152,-0.206373904018364
325,1,34.6880758510815,1.33785497990459,0.0169712399476664,0.839692140974047,0.0635563213380484,-0.385855309032594
326,1,41.7694515762768,0.00651188901333504,0.0161570966254783,0.827804920611934,0.0537583348047327,-0.440410952076978
327,0,NA,NA,NA,NA,NA,NA
328,0,NA,NA,NA,NA,NA,NA
329,0,NA,NA,NA,NA,NA,NA
330,0,NA,NA,NA,NA,NA,NA
331,0,NA,NA,NA,NA,NA,NA
332,1,24.2860376368046,0.648753263416079,0.026022012179553,0.822345153535483,0.0649653387664707,-0.244679849686159
333,1,31.911448932207,0.933208195438229,0.0147143677417484,0.782984537866911,0.0775337254601802,-0.336272514209299
334,0,NA,NA,NA,NA,NA,NA
335,1,38.1688567762197,2.1663454022611,0.0151783687254465,0.859128600401264,0.0492424581802784,-0.42363249423598
336,1,34.4353723150059,0.35451184029794,0.0188108904642892,0.782860749425342,0.0249928316044225,-0.367690608831897
337,1,31.5261757054003,-0.959827815342176,0.0235104859095003,0.794644585434218,0.0667830179344943,-0.360485071432866
338,1,38.272628514759,0.00467254579911908,0.0132701621942904,0.763715307934576,0.0691598117206577,-0.352491237253044
339,1,45.2071363213911,0.777216089001011,0.0128647533393499,0.806408882230711,0.0465955038199927,-0.456039543841174
340,1,25.6191160631735,0.172057096713704,0.0202129839309802,0.749473171841603,0.0846850743434751,-0.269464926268817
341,0,NA,NA,NA,NA,NA,NA
342,0,NA,NA,NA,NA,NA,NA
343,1,31.5151549076754,1.36063926207024,0.0192456669213764,0.838046749970631,0.0503490159226422,-0.365671877950638
344,1,30.6927287373229,-1.01227262033265,0.0217376555604062,0.800653293795295,0.0751847251695107,-0.356881097979121
345,0,NA,NA,NA,NA,NA,NA
346,1,27.1951207896133,0.883444432996088,0.0200219997416524,0.790415065403457,0.0638054782492111,-0.254227855949157
347,1,29.1869129095133,-0.96201508209811,0.0197318513092163,0.716458930608542,0.0762622744791978,-0.300943808189261
348,1,25.5819203933925,0.163505439603116,0.0217092008589138,0.779743975767638,0.084887926154646,-0.261992513897775
349,1,46.7199551201756,0.426462749531846,0.0125861835926593,0.815295335082839,0.054860887451372,-0.426003363788498
350,1,43.6475029037344,2.70639761324964,0.0133177685864352,0.858112529247805,0.0345667549806946,-0.524324483821336
351,0,NA,NA,NA,NA,NA,NA
352,0,NA,NA,NA,NA,NA,NA
353,1,35.0814960701612,1.75790099504456,0.0164687951595601,0.84307629861756,0.0529485827173606,-0.397755688870561
354,1,27.2385953941417,1.17624578399155,0.0224946801165608,0.855570534354133,0.0638961961882747,-0.357415857152385
355,0,NA,NA,NA,NA,NA,NA
356,1,40.3768390886402,0.265124451638323,0.0167857011581037,0.805320743462999,0.0163704986022706,-0.411709975780226
357,1,29.6878845527099,1.09750424143037,0.0192764275828355,0.826977314933187,0.0538148587756208,-0.319698534863024
358,0,NA,NA,NA,NA,NA,NA
359,1,40.352190330123,0.446570880804523,0.0141716175652654,0.812665874869291,0.0580160553199602,-0.42087906225695
360,1,31.1880019460878,1.31009565115429,0.0163609252521987,0.814676774027871,0.0753928554786772,-0.364419688579758
361,1,36.4538123680842,-1.06240809025655,0.0174936879334509,0.784247471888035,0.062126401724546,-0.361480521824019
362,1,28.3038761003522,0.426798504777865,0.017005982587528,0.723059270883792,0.0679662854476427,-0.28725813862691
363,0,NA,NA,NA,NA,NA,NA
364,1,46.609364452849,1.97647749325807,0.0125745972934463,0.828645534551921,0.0414454146484621,-0.46347192526698
365,0,NA,NA,NA,NA,NA,NA
366,0,NA,NA,NA,NA,NA,NA
367,1,31.7811620170602,1.11702346652265,0.0153267491877342,0.791252407735386,0.0743870297503343,-0.370685389566204
368,1,36.3949822972979,-0.712557391784834,0.0178935587128251,0.78283783722565,0.0317162898517073,-0.315498921939999
369,1,41.8196581421258,2.36429666650869,0.0142984429627704,0.829297518008331,0.00563836889910157,-0.449794258332791
370,1,28.335415856007,-0.848537712827556,0.0206090415286288,0.744932530798477,0.0819487073899858,-0.286665094835862
371,0,NA,NA,NA,NA,NA,NA
372,0,NA,NA,NA,NA,NA,NA
373,1,42.3064819203312,0.996904112615554,0.0126328669183028,0.78585706391146,0.0396421583039774,-0.457461698115936
374,1,27.4218799614776,0.411472649789074,0.0198060070237676,0.75986030347043,0.0627026635790907,-0.27068485529056
375,0,NA,NA,NA,NA,NA,NA
376,0,NA,NA,NA,NA,NA,NA
377,0,NA,NA,NA,NA,NA,NA
378,0,NA,NA,NA,NA,NA,NA
379,0,NA,NA,NA,NA,NA,NA
380,0,NA,NA,NA,NA,NA,NA
381,1,38.4685744721044,1.896929860119,0.0173117712416195,0.865863048491739,0.0285304747964003,-0.430907918985144
382,1,31.1894722091638,-0.0914596936011734,0.0195857035667656,0.808139111441874,0.079508573057875,-0.356457702181776
383,1,36.2715445238262,0.396004859998855,0.0128240538204437,0.768174938426319,0.0852055015698546,-0.318561713626031
384,0,NA,NA,NA,NA,NA,NA
385,1,53.0964801490436,-3.16256621938029,0.0157070028522343,0.839015465851498,0.0577651343401837,-0.472780872982702
386,0,NA,NA,NA,NA,NA,NA
387,0,NA,NA,NA,NA,NA,NA
388,1,28.3732324638993,1.33525682027534,0.0196744304120954,0.827061524695783,0.0710499033927446,-0.359418397165678
389,1,32.6247457185079,0.509202600446601,0.020553495005144,0.819507031148732,0.0427094970627076,-0.358066800165809
390,1,45.5227875803175,0.856499322102817,0.0145926148373298,0.826367428403752,0.0176971447720474,-0.458458713594076
391,0,NA,NA,NA,NA,NA,NA
392,1,35.866613018983,1.36154579367933,0.0147050450764802,0.804078680102914,0.0582144905487949,-0.385949230439167
393,0,NA,NA,NA,NA,NA,NA
394,0,NA,NA,NA,NA,NA,NA
395,1,28.217803648538,1.08041044303016,0.0177101318421325,0.769616544070081,0.0705965586903095,-0.34621763678809
396,0,NA,NA,NA,NA,NA,NA
397,1,29.056612430456,0.930682150809658,0.0163720210205385,0.764372664168474,0.0774297376015556,-0.328434997217402
398,0,NA,NA,NA,NA,NA,NA
399,0,NA,NA,NA,NA,NA,NA
400,1,38.4712147831585,1.49249190500347,0.0122431867636022,0.781277118572737,0.0719351620333428,-0.450306740073921
401,1,27.8351075944492,1.11750441162057,0.0227304737183551,0.829766362569029,0.0591709058000117,-0.400778387020518
402,1,26.8947157100338,0.842370083887826,0.0178184907055687,0.761627311109647,0.0800083636839376,-0.29732518902995
403,0,NA,NA,NA,NA,NA,NA
404,0,NA,NA,NA,NA,NA,NA
405,1,32.4953207296689,1.14398701192714,0.0165105071083583,0.832386908001155,0.0850529571217374,-0.397667588373466
406,1,23.6671239300745,0.235842251274274,0.0218407881535973,0.755076356547295,0.0999013599293206,-0.245212416573558
407,1,26.4866115118553,0.476376042196532,0.0204826452360651,0.771716929359003,0.0533689239459563,-0.253189320081641
408,0,NA,NA,NA,NA,NA,NA
409,1,32.6174584465165,-1.16712397196171,0.0173444381509514,0.749183772470392,0.0820199328689338,-0.349169747477615
410,0,NA,NA,NA,NA,NA,NA
411,0,NA,NA,NA,NA,NA,NA
412,0,NA,NA,NA,NA,NA,NA
413,1,38.5282703525911,1.99466979862456,0.0172819467587498,0.864021565274854,0.027738192960286,-0.458152440388272
414,1,39.4465979665459,0.0319002290349284,0.0149051667188058,0.824968241138002,0.0704931839543353,-0.451440565670475
415,1,27.8941902549374,1.05543144140308,0.0202225746468916,0.816476761147199,0.0650061432284958,-0.322247308260883
416,0,NA,NA,NA,NA,NA,NA
417,0,NA,NA,NA,NA,NA,NA
418,1,24.5177341098719,-0.716236934383012,0.0203894131681265,0.690638593257796,0.0908054602241812,-0.214009231187026
419,0,NA,NA,NA,NA,NA,NA
420,1,23.4065696089566,0.915093237418203,0.0214978054128704,0.829129338983093,0.086814506102804,-0.232254494030788
421,1,25.2442092510381,0.964051540594575,0.0246928101207776,0.813195005141982,0.0437435138852213,-0.270220246349441
422,1,29.4984670524283,-0.110569044747541,0.0162805670862082,0.733845726629941,0.0752601649077499,-0.307384210676118
423,1,23.987315719322,0.625830226860635,0.0211507263210791,0.775888852296119,0.0944796165780929,-0.230515853404342
424,1,36.428271504352,1.67541343285554,0.0135572805861154,0.794338955313846,0.0656778852791289,-0.435250044310672
425,1,25.2138295711718,0.196741175383792,0.0303788484708324,0.854412617473093,0.0557661742944979,-0.310001055963251
426,0,NA,NA,NA,NA,NA,NA
427,1,37.355757075391,2.26807462366875,0.0174174487484352,0.858268095401572,0.0166970809068858,-0.427154103830069
428,0,NA,NA,NA,NA,NA,NA
429,1,35.2540777012786,0.45433544369237,0.0166114146358369,0.800981833039157,0.0549566733577653,-0.320328881685587
430,1,34.2990927184092,1.3388339146945,0.0151699706380536,0.815553107435808,0.0727400972347957,-0.394686562864031
431,1,29.7533047160017,1.39646989128445,0.020344576505444,0.851639078897308,0.0500334977899771,-0.331957203014372
432,0,NA,NA,NA,NA,NA,NA
433,1,30.8955370004269,0.0120741812645662,0.0160305156588932,0.750404814264328,0.084464870639718,-0.322962634072227
434,1,25.3069367801955,0.750010332771556,0.0177366139812963,0.730882854753168,0.0907863643457885,-0.281323833025697
435,1,34.6366932222449,1.55023021493371,0.0152419870258446,0.815733469399661,0.0588614702874688,-0.394667641754365
436,1,41.1315448582374,2.06828988357857,0.0169939887756624,0.873984001931188,0.0288018878047063,-0.501058031317195
437,1,32.3724210629056,1.1054398336028,0.0159748383856317,0.803958501776942,0.0789107941843694,-0.412637557678983
438,0,NA,NA,NA,NA,NA,NA
439,1,32.319498859195,0.370181777810093,0.0199235921035735,0.841754450322793,0.0532407718974711,-0.378841851677518
440,1,37.5187958665266,1.81535339254658,0.015582306220029,0.831530330847038,0.0517606410436719,-0.438639333945369
441,1,31.3515707498942,1.31820104580731,0.0191629290366385,0.819818246552227,0.0358660299220097,-0.368375786626909
442,1,44.1186389376693,2.01531196074953,0.0136105142054784,0.856215652813066,0.0590710736794251,-0.460253898106088
443,1,33.6534243603877,0.269427496530223,0.0166801898823901,0.774881441079542,0.0583341358716116,-0.371007228714565
444,1,32.9374065384526,-1.44405351960008,0.0190884995761759,0.741940045588351,0.0830398375857298,-0.364122534358681
445,0,NA,NA,NA,NA,NA,NA
446,1,24.6583442396958,0.222904992759682,0.0185090523405766,0.723604718594456,0.110402295134626,-0.250036129712583
447,1,42.9751587007401,2.66228845372092,0.0156734783467589,0.914006351667685,0.0302154698675112,-0.485730639707956
448,1,38.8007697577519,0.990913129078954,0.0140165897044892,0.791959249114819,0.05601723330306,-0.429931019891443
449,1,35.8119260033635,1.62297028452059,0.0159824997161501,0.808111317064218,0.0216201477440353,-0.398685964008075
450,0,NA,NA,NA,NA,NA,NA
451,0,NA,NA,NA,NA,NA,NA
452,0,NA,NA,NA,NA,NA,NA
453,1,29.815176892834,-0.839856531760085,0.0179025347160831,0.706230509407875,0.068474468851517,-0.303828376537917
454,0,NA,NA,NA,NA,NA,NA
455,1,26.7298226600425,0.263481346905715,0.0233923765039166,0.747401122922736,0.0412770803030212,-0.282355017235005
456,1,27.6605838103699,0.751284003883282,0.0186530965844071,0.782083623846183,0.0855026765174388,-0.306721085102001
457,1,31.5573937973203,0.0151424730134456,0.015350204756626,0.759925014906579,0.0860313099006322,-0.35364333157289
458,0,NA,NA,NA,NA,NA,NA
459,0,NA,NA,NA,NA,NA,NA
460,1,40.5832655714821,0.583059217960816,0.0151559774502169,0.819706896148571,0.0497703883379137,-0.406460069455304
461,1,36.0789503474683,1.28794377306005,0.0152453095712457,0.81226510499583,0.0553613926412967,-0.392238602294726
462,0,NA,NA,NA,NA,NA,NA
463,0,NA,NA,NA,NA,NA,NA
464,0,NA,NA,NA,NA,NA,NA
465,0,NA,NA,NA,NA,NA,NA
466,0,NA,NA,NA,NA,NA,NA
467,1,22.2378722722788,0.620860002013766,0.0230233086305573,0.77638995444569,0.0799458936928558,-0.220854762110063
468,1,29.4058024674594,0.917332587623395,0.0161092654688611,0.779201432773949,0.0894684283654339,-0.363638106243661
469,1,29.4316313690989,1.3744138619741,0.017514595847035,0.820823829286849,0.0737997490451632,-0.354601592327264
470,1,45.140413033878,0.387694245873538,0.0151578694105115,0.837682981428529,0.0367569293906944,-0.492043607586067
471,1,29.8837639983358,0.845122049125272,0.0180719394400828,0.797986097428083,0.0843064769011257,-0.358217356467676
472,1,22.5862108015487,0.380053580127357,0.0180725589968777,0.692725025853684,0.105502766763709,-0.225167071805216
473,0,NA,NA,NA,NA,NA,NA
474,0,NA,NA,NA,NA,NA,NA
475,1,33.4167172655601,1.33052756274717,0.0184217858629702,0.823155027810073,0.0230879959196623,-0.361170459087296
476,0,NA,NA,NA,NA,NA,NA
477,0,NA,NA,NA,NA,NA,NA
478,1,24.0814117931835,0.860227236205275,0.0281325377714662,0.841799260465326,0.0446780389796071,-0.272841215908254
479,1,29.4407779824971,1.60875551738926,0.0214169265872717,0.858645432602566,0.0429695361285893,-0.371910417030645
480,1,30.6582719209474,1.01269434194084,0.0138630159819191,0.747074733069015,0.0791569559493773,-0.307739316449961
481,1,27.8711412646899,0.937033653894369,0.0224023394196893,0.830949937014815,0.0593099046499124,-0.330774590801867
482,1,36.9593492613647,1.90682768182141,0.0202138372971991,0.903575167163753,0.0267503542921689,-0.453452904514899
483,1,28.7237679744711,1.29064047860074,0.0204586477295479,0.827824071061783,0.0569286322103823,-0.375241480101927
484,1,33.6761107542608,1.49751074899581,0.0143419885548983,0.819814859086418,0.0725270275958736,-0.362160751676741
485,0,NA,NA,NA,NA,NA,NA
486,0,NA,NA,NA,NA,NA,NA
487,1,27.9646429060189,0.073506828142253,0.0171289377946816,0.717085826844533,0.0814725885750244,-0.291009714152175
488,1,33.8917748894224,1.31447754332887,0.0171334512287392,0.82255106091055,0.0475817890774901,-0.395699320143674
489,0,NA,NA,NA,NA,NA,NA
490,1,31.6008149247493,0.888791969745063,0.0190703604667781,0.838736706612425,0.066985066046002,-0.397128795028985
491,1,36.7761302961201,-0.764222392796969,0.0208651503048394,0.819448141016173,0.0235201954430836,-0.399052901851906
492,0,NA,NA,NA,NA,NA,NA
493,0,NA,NA,NA,NA,NA,NA
494,0,NA,NA,NA,NA,NA,NA
495,0,NA,NA,NA,NA,NA,NA
496,0,NA,NA,NA,NA,NA,NA
497,1,25.8674746516167,0.891132047070862,0.0182327427484744,0.770369448304897,0.0818037331887539,-0.294040402206809
498,0,NA,NA,NA,NA,NA,NA
499,1,23.983719186901,0.654589919262906,0.0226609643594877,0.790064940555882,0.0964295940142431,-0.295030495616721
500,0,NA,NA,NA,NA,NA,NA
501,1,40.1221734452918,2.10245576919862,0.0140990524162592,0.838059166833675,0.0497574932120186,-0.453425803277518
502,1,31.7012219471425,0.244688946721392,0.0168016856369144,0.781986656187753,0.0738878093339227,-0.358363051596492
503,0,NA,NA,NA,NA,NA,NA
504,1,31.1121568051886,0.419956113837686,0.017202340629061,0.785034923920501,0.0766394666689076,-0.364525623812228
505,1,31.1864090604419,1.01274332579893,0.0181508459303547,0.800801494821769,0.0554439531973843,-0.353618093520309
506,0,NA,NA,NA,NA,NA,NA
507,1,25.3157805450581,1.23729810837233,0.0235700991467371,0.833954539973114,0.0509054246577742,-0.308163838244918
508,1,36.5250804838762,1.31554292118157,0.0156519711752112,0.820542608483816,0.0590684698861521,-0.405736260230286
509,1,27.5847038222973,0.131038985464539,0.0178619847730115,0.748916453277607,0.0919083971370269,-0.337950934219842
510,1,37.2297726624174,-0.473592939220692,0.0194127705160962,0.791422990639714,0.0447036600368346,-0.408684076852031
511,1,35.531515854214,2.00894230179529,0.0201307029195032,0.871243050155267,0.014073629702927,-0.439828127024537
512,1,30.7378702096409,1.29913060378845,0.0189342883281387,0.830308204690522,0.0524982013974929,-0.401377708376588
513,1,30.8157336910322,0.300708732643165,0.018858220453328,0.77969794276853,0.0581117580920269,-0.319091847390909
514,0,NA,NA,NA,NA,NA,NA
515,0,NA,NA,NA,NA,NA,NA
516,1,26.1033674179098,0.96374940823911,0.0182723327321158,0.793998294718127,0.0894981264407686,-0.285735145727541
517,0,NA,NA,NA,NA,NA,NA
518,0,NA,NA,NA,NA,NA,NA
519,1,42.2408167520146,0.910707549777266,0.0157558916680939,0.82210722405348,0.0247499205594147,-0.462043433874636
520,1,23.1843636817016,0.660192904300845,0.0204922057054082,0.760464894370653,0.0851206896326787,-0.243590297003678
521,1,34.2472873774461,1.76655371194769,0.0202272063346889,0.882062445780203,0.0347530802553129,-0.439133394188971
522,0,NA,NA,NA,NA,NA,NA
523,0,NA,NA,NA,NA,NA,NA
524,0,NA,NA,NA,NA,NA,NA
525,0,NA,NA,NA,NA,NA,NA
526,1,30.8948678673131,-1.00047364147785,0.0222209108049967,0.781371997941273,0.0564576446303143,-0.320521491053778
527,0,NA,NA,NA,NA,NA,NA
528,0,NA,NA,NA,NA,NA,NA
529,0,NA,NA,NA,NA,NA,NA
530,0,NA,NA,NA,NA,NA,NA
531,0,NA,NA,NA,NA,NA,NA
532,1,37.6091879793316,1.54996360784762,0.0167201887121888,0.844541644629028,0.0392480986311891,-0.445214285309694
533,0,NA,NA,NA,NA,NA,NA
534,0,NA,NA,NA,NA,NA,NA
535,1,37.3450485037363,1.34556086890858,0.0139711500768432,0.794411702788696,0.052276250418304,-0.402687853003386
536,1,48.9384447808092,3.25296144354294,0.0121924807011941,0.886681250138594,0.0356475132554784,-0.503851680909846
537,1,32.1461757836506,1.31213723202149,0.016070640312854,0.801990765743246,0.0699756833509894,-0.370849109498077
538,1,30.283686456142,0.99097218676237,0.0151856842252553,0.761649300726947,0.0715808630345667,-0.30198492192404
539,1,32.7074576384734,1.30592562264337,0.0177281575962324,0.809056990399369,0.0506043672049392,-0.400027397342905
540,1,38.1731318047671,0.329171513947075,0.0121543244263755,0.748581080074959,0.0663060082874969,-0.353040272597804
541,1,32.6474150638941,1.49549353678225,0.0162638704518923,0.823065945062152,0.0573194162367891,-0.361614311693053
542,1,43.8340674512492,-0.142037562952835,0.0186292111584073,0.839964542836099,0.00183934389372618,-0.445518606817976
543,1,24.2273628477943,0.591687652772154,0.0223401768407719,0.78955457906472,0.0854776717890275,-0.255968233295772
544,1,24.5237329678545,0.767531050641758,0.0231350832922357,0.808938119866731,0.0836284539881202,-0.327365605180816
545,1,39.7893537056178,0.122797917502795,0.0171646729035696,0.819725039317522,0.040666727909019,-0.410256176509201
546,0,NA,NA,NA,NA,NA,NA
547,0,NA,NA,NA,NA,NA,NA
548,0,NA,NA,NA,NA,NA,NA
549,1,26.2343584968643,0.147677124943033,0.0216570106690763,0.763769987135104,0.0713397673247953,-0.286680030061785
550,1,32.8380437749167,1.55449143893207,0.0183269801664982,0.823392964094707,0.039245687901881,-0.40093898848631
551,1,25.8213099927578,0.878890306213688,0.0222072832062574,0.802587079089771,0.0552850273168695,-0.288335056403995
552,1,31.1841148974564,-0.822366063067503,0.0158546704930969,0.738488552974271,0.100442228037664,-0.299992067757415
553,0,NA,NA,NA,NA,NA,NA
554,0,NA,NA,NA,NA,NA,NA
555,1,24.7938979378095,0.835069024219637,0.0235012950667704,0.814181298666338,0.0689276093039109,-0.320673995341684
556,1,31.6490011488098,0.0953176015946292,0.0199513720366662,0.789282126585052,0.0476347554653006,-0.349741878078568
557,0,NA,NA,NA,NA,NA,NA
558,1,33.9634707463703,-0.0128947235088908,0.0150963170649707,0.773074204785475,0.0890648051066523,-0.382782042623706
559,0,NA,NA,NA,NA,NA,NA
560,0,NA,NA,NA,NA,NA,NA
561,0,NA,NA,NA,NA,NA,NA
562,1,34.0349208944331,1.48889780269076,0.0122962796593842,0.748521781119211,0.084093342676843,-0.427889726908943
563,0,NA,NA,NA,NA,NA,NA
564,0,NA,NA,NA,NA,NA,NA
565,1,29.6465584264077,1.13991524348414,0.0170059402249281,0.793733077235482,0.0731368675079786,-0.360587072182606
566,1,37.4149310723796,-0.797644717785142,0.0172932679867455,0.776771971088304,0.0410388563341403,-0.387800445181688
567,0,NA,NA,NA,NA,NA,NA
568,1,24.2781939998767,0.693339039374962,0.0234063075227107,0.789484848567615,0.0798074994889517,-0.266704966092922
569,0,NA,NA,NA,NA,NA,NA
570,1,45.9513552124147,2.12221531445252,0.0129627875825508,0.860467190878277,0.0581668366286489,-0.503967399039605
571,1,46.2254788281309,2.48071397866654,0.00989412948474657,0.794489456159428,0.0555649885048525,-0.446755249145743
572,0,NA,NA,NA,NA,NA,NA
573,0,NA,NA,NA,NA,NA,NA
574,0,NA,NA,NA,NA,NA,NA
575,1,23.7697374746636,0.654941927394559,0.0243195925025439,0.780451927305824,0.0727962670713939,-0.284023227517252
576,1,32.2065222504979,-0.578763432112376,0.0200484862934181,0.800343687413789,0.0677771747471188,-0.328549270059711
577,0,NA,NA,NA,NA,NA,NA
578,1,24.6986424094856,0.999768077166377,0.0196269664257954,0.749165727387669,0.0711776481812419,-0.301100244436368
579,0,NA,NA,NA,NA,NA,NA
580,1,31.8432067387382,1.46162766095004,0.0165752299326006,0.83387336413215,0.0729134039550329,-0.332096278829842
581,0,NA,NA,NA,NA,NA,NA
582,1,29.9573064465765,-0.902727353413083,0.0209178302028695,0.753773231120266,0.0669099300251293,-0.304232169284765
583,0,NA,NA,NA,NA,NA,NA
584,1,22.7941979885658,0.754801483453235,0.0260138961245897,0.809598762627097,0.0711073798645262,-0.298200055887982
585,1,27.7686789488182,-0.687548304078186,0.0185249279692991,0.712194580048383,0.0862827481686401,-0.294546264198193
586,1,22.911712276674,0.536324198397796,0.0206047239019001,0.747791581414954,0.0976347243980383,-0.207691691055118
587,1,24.1455004011284,0.650490371320983,0.0243302322962063,0.820811513511923,0.082592379705941,-0.263011920147469
588,0,NA,NA,NA,NA,NA,NA
589,0,NA,NA,NA,NA,NA,NA
590,1,26.9517514556585,-0.884093372441328,0.0217375022299711,0.710967535805722,0.0655828709525386,-0.259073716797842
591,0,NA,NA,NA,NA,NA,NA
592,1,26.2839135106007,-0.108089555195483,0.0220818105448673,0.772158115739446,0.0791791064322374,-0.304412766132179
593,1,22.8167919968612,0.600985742535905,0.0207748399582315,0.757018750121406,0.101215510271205,-0.226633017617344
594,0,NA,NA,NA,NA,NA,NA
595,1,33.1084551021074,-1.33970887833807,0.0172355121290026,0.734733926927698,0.0877553639382684,-0.350371988457109
596,1,30.5589545079113,1.25493513292049,0.0163436400899967,0.789887677575448,0.074429292737406,-0.356883682248716
597,1,26.8938262803828,1.10141583590949,0.021608112193387,0.828189457880723,0.0525121639977194,-0.351365940357455
598,1,31.2186158144223,1.43713071263958,0.0158946683674189,0.796168382555591,0.0579010511721607,-0.37307387537512
599,1,29.3586740060406,1.34176849383892,0.0201211750265656,0.851675134468484,0.0622127736340591,-0.331783720193745
600,0,NA,NA,NA,NA,NA,NA
601,1,30.2650074103854,-1.18918520746676,0.0203557610028787,0.773541162221994,0.0914854226827941,-0.298833556852679
602,0,NA,NA,NA,NA,NA,NA
603,1,30.9870363399119,0.611083702062029,0.0165595145627557,0.780213633513855,0.0560219644952182,-0.298401218823428
604,0,NA,NA,NA,NA,NA,NA
605,1,35.4945433102349,1.67443413874245,0.0149113758038184,0.850423326383477,0.0730207322888207,-0.416089097990343
606,0,NA,NA,NA,NA,NA,NA
607,1,25.07642222854,0.424486689506533,0.0206654816143346,0.741744042177748,0.0762757124118588,-0.254353564564781
608,0,NA,NA,NA,NA,NA,NA
609,1,21.7927666359838,0.766466538763804,0.0241754519718049,0.785777920664634,0.0840549848262036,-0.229301193168131
610,1,31.1629779525122,1.11559390076169,0.0158822243645167,0.799200279538714,0.0789134881174121,-0.361343740508291
611,1,26.7120861066778,0.758247038004936,0.0216942684747204,0.794353477596516,0.0737394576686168,-0.323759660188603
612,0,NA,NA,NA,NA,NA,NA
613,0,NA,NA,NA,NA,NA,NA
614,0,NA,NA,NA,NA,NA,NA
615,0,NA,NA,NA,NA,NA,NA
616,1,32.0410061518631,1.13931766673586,0.0173197392360502,0.803360945393618,0.0481620181200564,-0.352705660954923
617,1,20.1094164654576,0.716078081567051,0.0270861699467098,0.807986033700314,0.0985898924381999,-0.255810465453726
618,1,37.1858679718127,0.960087547871973,0.0158953561751863,0.810906548274679,0.0393326944137446,-0.399747195532979
619,0,NA,NA,NA,NA,NA,NA
620,1,45.404734501899,-1.09778912760347,0.0165667239827257,0.835988580668127,0.0559958975081768,-0.509923457009152
621,1,25.321070521048,0.0280529724789556,0.0222632049233003,0.783874360332936,0.0904733050153388,-0.277549154284279
622,0,NA,NA,NA,NA,NA,NA
623,0,NA,NA,NA,NA,NA,NA
624,1,28.7322154295043,1.48128756459408,0.0235042672815482,0.88380870659905,0.0376701914470138,-0.383194670858624
625,0,NA,NA,NA,NA,NA,NA
626,0,NA,NA,NA,NA,NA,NA
627,1,30.8515889810042,-0.687947138646822,0.0177051817996867,0.761661110688184,0.0816649060719521,-0.336474206438631
628,1,24.3143705877579,0.600693998344874,0.0192621689314224,0.754808415352567,0.0937657822369058,-0.304177885571621
629,1,34.2697868312326,-0.724939569429333,0.0174440468246686,0.763398721749757,0.0704378733069201,-0.39282891049353
630,0,NA,NA,NA,NA,NA,NA
631,0,NA,NA,NA,NA,NA,NA
632,1,34.4989796473343,0.586310106672794,0.0212665685981363,0.826071700402265,0.0270657750967386,-0.394112655727518
633,0,NA,NA,NA,NA,NA,NA
634,1,32.4508580466714,-0.306843371875864,0.0187330817088855,0.774016492823921,0.0629834110006719,-0.3678083113111
635,1,25.6358820766749,0.923633712889285,0.0194713012400626,0.795614118419341,0.0792638988390102,-0.286177820711748
636,1,26.1238015580905,0.730307795914241,0.0190287672811157,0.785912856201685,0.0837678658030112,-0.307944796510587
637,1,25.6037116014967,0.214954458046336,0.02132247677852,0.770762050348518,0.0856266704738523,-0.280523153877531
638,1,43.8466420694005,0.754587239882417,0.0146124376313684,0.83702975041459,0.0329041086059696,-0.44678340583144
639,0,NA,NA,NA,NA,NA,NA
640,1,35.357351652352,1.96891079770744,0.0145234086120971,0.792442984626928,0.0304724150086596,-0.391711093827999
641,0,NA,NA,NA,NA,NA,NA
642,0,NA,NA,NA,NA,NA,NA
643,0,NA,NA,NA,NA,NA,NA
644,1,45.9693729064134,2.85141138554367,0.0158948211352666,0.903304789668796,0.0115910661496361,-0.488100134146144
645,1,23.9653103650363,-0.887017995694539,0.0299248488230413,0.791468207911782,0.0896914711494174,-0.267770655437792
646,0,NA,NA,NA,NA,NA,NA
647,1,29.999616845163,-0.0346925908063827,0.0228769812379631,0.773336506261509,0.044722351407539,-0.316782861497534
648,0,NA,NA,NA,NA,NA,NA
649,1,35.583607322514,0.305848789779385,0.0174058907173589,0.816522677074619,0.053811188323617,-0.372267794612911
650,1,25.7219088519226,0.139386657656105,0.0269768474884852,0.84393027640384,0.0624960537863371,-0.291003095715422
651,0,NA,NA,NA,NA,NA,NA
652,1,27.4726625918464,0.987321401030466,0.0166606122330668,0.773276884099836,0.0856477377067911,-0.320097993509621
653,0,NA,NA,NA,NA,NA,NA
654,0,NA,NA,NA,NA,NA,NA
655,1,24.5581254772752,-0.438586317095219,0.0210970178790629,0.735388091883088,0.0939918444470262,-0.221531796892321
656,1,30.4152434548112,0.778078510436841,0.0191229901169675,0.79823302451669,0.0637971637352464,-0.319527828348831
657,1,36.8704591682101,1.19308263812287,0.016150472889635,0.824051292878603,0.0512977869031175,-0.419460746063397
658,1,32.7952887907929,1.27741807425796,0.0180366593721452,0.842906233148457,0.0566312584017195,-0.411227974977953
659,0,NA,NA,NA,NA,NA,NA
660,1,32.6262531822301,1.49057365268685,0.0136798155710474,0.781926038107101,0.0778464381833911,-0.373170313547482
661,1,24.1863831279024,1.04159535429013,0.0233589921911802,0.841796130879613,0.0806630368281369,-0.303710093176194
662,1,29.163566186888,0.253689331324789,0.0217064541718214,0.78053106244429,0.0717295702845207,-0.349656618715404
663,0,NA,NA,NA,NA,NA,NA
664,0,NA,NA,NA,NA,NA,NA
665,0,NA,NA,NA,NA,NA,NA
666,1,31.4484590567241,0.12838207955809,0.0198704452588367,0.781560058048973,0.0631840628108795,-0.37677395451545
667,1,56.4503165841447,1.77019561240213,0.0139466377192671,0.865548368719564,-0.0212818167825856,-0.555664604933625
668,1,23.863303529692,0.16543161827629,0.0257425236722136,0.76805493359888,0.0741497730338595,-0.248289921392765
669,1,22.802675706905,0.746355711324398,0.0223897800223702,0.775584647109435,0.0952581168445979,-0.320863600705853
670,1,41.1982999866096,2.20552854947077,0.0153665275335398,0.859620988409474,0.0417689249009947,-0.431550155740754
671,0,NA,NA,NA,NA,NA,NA
672,1,47.8172789540102,1.63644627480255,0.0136092407532851,0.840362543047917,0.0266334943834067,-0.501153089713295
673,0,NA,NA,NA,NA,NA,NA
674,0,NA,NA,NA,NA,NA,NA
675,1,29.8002030405384,-0.0898551995185021,0.0185123880049157,0.770315154539929,0.0863241957926709,-0.319608392947474
676,0,NA,NA,NA,NA,NA,NA
677,1,31.6291179999784,-0.896943378608415,0.0200858190317736,0.775964875073856,0.0599776814229165,-0.315982003573224
678,0,NA,NA,NA,NA,NA,NA
679,1,29.2030615327399,0.778990237121513,0.0158743714443837,0.78042793145398,0.0894679769597422,-0.315878994033933
680,1,31.018975532095,-0.476741135630373,0.0191555940147533,0.772552641072057,0.0697593115975076,-0.350943043787884
681,0,NA,NA,NA,NA,NA,NA
682,0,NA,NA,NA,NA,NA,NA
683,1,36.7369197556035,2.37570339211151,0.0181438731806126,0.883092865720129,0.0266844789499368,-0.432343743342247
684,1,32.858171713844,1.51284814417471,0.0165089815217195,0.812985691833051,0.0546066638643506,-0.366250898097043
685,1,25.285507415218,1.02747728399139,0.0223669303766815,0.831787949782055,0.0714291374385548,-0.30454936285875
686,1,32.151367726602,1.33560931139432,0.0208382174782749,0.849772940376378,0.04701528449766,-0.388804272200327
687,1,26.3074570945225,0.334618054138818,0.0221395237907293,0.765714177354403,0.0614629047248246,-0.302086327313098
688,0,NA,NA,NA,NA,NA,NA
689,1,21.6920787624397,0.573697474788023,0.0209590774739005,0.742728593865528,0.0998029655620306,-0.211736866491622
690,0,NA,NA,NA,NA,NA,NA
691,1,29.1290277697074,1.27303154112092,0.0229354546434274,0.874036920247903,0.0554260915283912,-0.380139656028252
692,1,27.7881181153634,-0.0079686254775166,0.0241590330318132,0.786467390512975,0.0608051888856664,-0.330920927736168
693,0,NA,NA,NA,NA,NA,NA
694,1,53.5742635397603,-1.75562027282923,0.0142575522452643,0.837997405034208,0.0409803831909527,-0.485504948044172
695,1,34.3806906213952,0.542518854516948,0.0158301135234516,0.811056141114008,0.0825036800651679,-0.444299121378942
696,1,30.4047018369656,1.42014684869737,0.018602365014587,0.835629020565257,0.0542315765169982,-0.353849887836954
697,0,NA,NA,NA,NA,NA,NA
698,0,NA,NA,NA,NA,NA,NA
699,1,35.9922822793413,1.61009831001038,0.0160895807942193,0.837324842742624,0.051403978324616,-0.421624422973077
700,0,NA,NA,NA,NA,NA,NA
701,0,NA,NA,NA,NA,NA,NA
702,0,NA,NA,NA,NA,NA,NA
703,1,26.3946155881851,0.817547534692014,0.020645000718013,0.799909364035718,0.0764471454890692,-0.324530549206841
704,1,29.711893178599,0.968554949352018,0.0161365265398842,0.766886328106362,0.0718711706507724,-0.316996431076755
705,0,NA,NA,NA,NA,NA,NA
706,1,31.7728745146161,0.971138532289335,0.0163937506012616,0.801102054670714,0.0889409144183865,-0.388816718460094
707,1,24.1901961875039,0.862246224916401,0.0229344541151089,0.793294315578366,0.0749118214964981,-0.280543056732263
708,1,29.4219007437064,1.01503404746203,0.0166487481675251,0.78720751448702,0.0781436880479396,-0.351964599473962
709,0,NA,NA,NA,NA,NA,NA
710,0,NA,NA,NA,NA,NA,NA
711,1,24.5440170211713,0.524966748280997,0.0227320159613881,0.777706193601496,0.0888318668053463,-0.268850033328663
712,0,NA,NA,NA,NA,NA,NA
713,1,39.4185499497079,0.52336085429676,0.0175189242060684,0.823726964919653,0.0227104779515174,-0.440783146485915
714,0,NA,NA,NA,NA,NA,NA
715,1,35.1890373571399,1.97007881784205,0.0160275829988912,0.83107608626535,0.0438521216001543,-0.408928910413169
716,1,28.4830585087239,1.20754795857603,0.0212502241504217,0.820152813249372,0.0491708826714238,-0.366152290265457
717,0,NA,NA,NA,NA,NA,NA
718,1,30.0268583298144,0.870868595441576,0.0168354878637286,0.786813816029936,0.0738823861243258,-0.341039673064909
719,1,33.7092450476146,1.40200514756072,0.0169223101493113,0.819263199841342,0.0516922800922597,-0.407956392714987
720,0,NA,NA,NA,NA,NA,NA
721,1,21.8576659649981,0.752230342070254,0.0300969880824217,0.819013941663609,0.0511642040025368,-0.226450469855348
722,1,29.884581139476,1.50453163581674,0.0223956584259618,0.832629683822806,0.0223046283015125,-0.369323562635797
723,1,19.1447119755541,0.531848660314504,0.0299776257761443,0.783928717910864,0.0915303357522111,-0.19204219237407
724,0,NA,NA,NA,NA,NA,NA
725,1,36.3917154404464,1.95379115251693,0.0177929140974625,0.860756987862849,0.0244334439685828,-0.428449577909954
726,1,37.5312536777021,1.79693476861492,0.0142433798944632,0.824137834206268,0.0641148818095416,-0.429621594161417
727,0,NA,NA,NA,NA,NA,NA
728,1,22.9796979105387,0.234428375890782,0.0313367332522128,0.814853130807897,0.063339704069064,-0.238849027331665
729,1,25.9675692322076,0.0274954136864851,0.023516125079294,0.777421489126295,0.068177080127501,-0.284653311109065
730,1,35.7693947800685,-0.828022179694223,0.0189408155606604,0.744416194712853,0.0247664719804861,-0.351772203000802
731,1,22.0448247083786,0.392376659507719,0.0237811107872347,0.765528424481637,0.0853367222966146,-0.218091694873233
732,1,30.1230398165306,0.178726101446127,0.020553770263825,0.798151625028094,0.0702905508955154,-0.333390957806758
733,1,27.7552386268605,0.323661366112935,0.0177135374383196,0.752361095290166,0.0685463321421778,-0.267753107663128
734,0,NA,NA,NA,NA,NA,NA
735,0,NA,NA,NA,NA,NA,NA
736,0,NA,NA,NA,NA,NA,NA
737,1,31.7677162420308,-0.460185278758152,0.016452295114173,0.743749394170761,0.0747714431324771,-0.35889544543215
738,0,NA,NA,NA,NA,NA,NA
739,0,NA,NA,NA,NA,NA,NA
740,0,NA,NA,NA,NA,NA,NA
741,0,NA,NA,NA,NA,NA,NA
742,0,NA,NA,NA,NA,NA,NA
743,0,NA,NA,NA,NA,NA,NA
744,0,NA,NA,NA,NA,NA,NA
745,0,NA,NA,NA,NA,NA,NA
746,0,NA,NA,NA,NA,NA,NA
747,0,NA,NA,NA,NA,NA,NA
748,0,NA,NA,NA,NA,NA,NA
749,0,NA,NA,NA,NA,NA,NA
750,1,35.575883215743,0.406894665388111,0.01639170030187,0.810169922275745,0.0642808775081341,-0.395376009756809
751,1,27.0853055128077,0.957700174975777,0.0228539368012751,0.849212511440382,0.0637798070550566,-0.342261728079263
752,0,NA,NA,NA,NA,NA,NA
753,1,27.485509180387,1.12513448735838,0.0196828079504668,0.814683148537656,0.0713050978909744,-0.353555213269771
754,0,NA,NA,NA,NA,NA,NA
755,1,42.2194103343675,2.6144209630236,0.0124071301476996,0.867607383419033,0.0611297662991981,-0.478430657278597
756,1,27.4236388738497,0.796192312515968,0.0164224469271509,0.752762702964019,0.0905409024353423,-0.289676101593391
757,1,25.0572266304381,0.837663211991615,0.020532340127921,0.755515805566381,0.0692361275816548,-0.299329351474292
758,0,NA,NA,NA,NA,NA,NA
759,1,23.9458507010004,1.06794485174382,0.0230476677802377,0.803616871911931,0.063526534933097,-0.278782757968326
760,1,26.116247904603,1.25496672636881,0.0223944604015989,0.865040302719594,0.0651051089050556,-0.298039654983506
761,1,29.8552882269991,-1.14779029062608,0.0232463111712707,0.767608257029229,0.0573737881159265,-0.285231453847019
762,1,31.9962946273822,-1.01451115224693,0.0201141780413176,0.790756993780398,0.0875647025670035,-0.357789869023077
763,0,NA,NA,NA,NA,NA,NA
764,1,25.6388319207747,0.421069765935531,0.0217719379201005,0.761307955165711,0.0650341692962345,-0.290976810122405
765,1,39.2642236659995,2.17308553987364,0.0156166341025304,0.857577221618362,0.0464282670218141,-0.4556414333082
766,0,NA,NA,NA,NA,NA,NA
767,1,35.6373279832811,1.80463317189643,0.012802692541349,0.790865779460851,0.0534150818186038,-0.381660748201188
768,0,NA,NA,NA,NA,NA,NA
769,1,29.252054380943,0.362855155220255,0.0217210786937197,0.789799110804351,0.0579673594509349,-0.352055929098667
770,1,24.934600785572,0.796457701490969,0.0209745817513132,0.801864905432203,0.0871920485018481,-0.285913927991768
771,1,27.774314963948,0.816329520885147,0.0181927284804394,0.779523425852077,0.0703653260633354,-0.282739648529846
772,1,23.7106258796781,0.91818878251447,0.023022719703957,0.834179990939093,0.080652818381194,-0.269383480841029
773,0,NA,NA,NA,NA,NA,NA
774,1,29.8159031404473,-0.0151821624277042,0.0217156479769366,0.796033760502603,0.0657085731595462,-0.330816949073821
775,0,NA,NA,NA,NA,NA,NA
776,0,NA,NA,NA,NA,NA,NA
777,1,24.8232200617808,0.879041294913386,0.0204532369656023,0.79907488779022,0.0860012501081696,-0.287013602162082
778,0,NA,NA,NA,NA,NA,NA
779,1,23.3865597557792,0.781561169762172,0.0226089596165832,0.807749061517506,0.0957169541524768,-0.314083746918881
780,1,24.7487254283269,0.863682145452598,0.0211764305882664,0.807094692192731,0.0675533535911697,-0.250936167054947
781,0,NA,NA,NA,NA,NA,NA
782,1,29.8057970218968,1.74043383847854,0.0201319377339981,0.850897700717307,0.0372875777447836,-0.333531400333232
783,1,34.1274488757123,1.23339098118176,0.0149888793521546,0.796894441613863,0.0842209172349493,-0.43236482287891
784,1,29.8659230913088,0.694475575979218,0.0172722920290984,0.749595329023188,0.0554523149516843,-0.315963412484081
785,0,NA,NA,NA,NA,NA,NA
786,1,29.4283162986999,-0.522362492972257,0.0193836866893968,0.761274026376845,0.070525251798148,-0.281509936080692
787,1,27.0102212114507,0.862867958406545,0.0189033689552074,0.780475892795695,0.0774406616953917,-0.332802923103075
788,0,NA,NA,NA,NA,NA,NA
789,1,21.8243680255265,0.543627622083157,0.0210848269789449,0.742254310670193,0.104430226453477,-0.228688834021027
790,1,37.0141615013518,1.39967816761192,0.0171604213333056,0.84516283645078,0.0417872830875012,-0.39209364419251
791,0,NA,NA,NA,NA,NA,NA
792,0,NA,NA,NA,NA,NA,NA
793,1,33.2105032601734,1.31121919110409,0.0182628479443553,0.814087581000491,0.0353602887537029,-0.427255246603462
794,1,21.2177597424448,0.648250774629467,0.0217021774711047,0.767068883864061,0.103934979291445,-0.195704730849375
795,1,29.002498310987,1.500690887195,0.0187620422490532,0.819469008081778,0.0562213682951703,-0.331561397236776
796,1,30.9243973364213,1.12104657306122,0.0160861539266216,0.803520620482977,0.0829433397646785,-0.34683102166227
797,1,26.0696198989852,0.730958560151565,0.0246484684605804,0.832146231762973,0.0667066258835828,-0.301212478363689
798,1,36.6312268956927,-0.496031784680815,0.0175332094786677,0.766159444810156,0.022728508802175,-0.367779616344504
799,0,NA,NA,NA,NA,NA,NA
800,1,28.4130344973581,1.27114538842207,0.0179010905574267,0.825149467456299,0.0722300454896287,-0.287025915956326
801,0,NA,NA,NA,NA,NA,NA
802,1,25.0629223517209,0.262568131610622,0.0230080350870599,0.742380365294314,0.0494851998250841,-0.235270245732464
803,0,NA,NA,NA,NA,NA,NA
804,1,24.6226860270711,0.929213799044328,0.0210429186445828,0.810710484250905,0.0771637983433959,-0.269685127016325
805,0,NA,NA,NA,NA,NA,NA
806,1,34.1687471503117,1.70121291956061,0.015397952629276,0.81749363838525,0.057146612823233,-0.43042737037449
807,1,38.8680373539965,0.588866084649853,0.0133349411481149,0.787775797857404,0.0628677384448075,-0.401554003691343
808,1,20.8062208633501,0.688992863685825,0.0283424270510731,0.813710776094415,0.0951322702807167,-0.261516235093198
809,0,NA,NA,NA,NA,NA,NA
810,1,34.1988780733143,0.885889214832923,0.0136460169860858,0.762434668775777,0.0615870829565473,-0.358006069794604
811,1,19.7982813394222,0.47909467463661,0.0244331302826385,0.749921627995145,0.0882923351426029,-0.160549870521289
812,1,40.0077765686498,1.70573182435311,0.0142572083888049,0.831361409693669,0.0430078027060422,-0.426050260448679
813,0,NA,NA,NA,NA,NA,NA
814,1,43.8955306073182,0.838952516788771,0.0129154374800118,0.803544358795044,0.0499936754925295,-0.43240128599612
815,1,27.389940991516,0.765659407609323,0.0193683563436206,0.783808934353236,0.0721355559022204,-0.280377043049547
816,1,40.8070803493603,-1.34373474471372,0.0172698350470439,0.809112439177226,0.0663298139588654,-0.451707691648673
817,1,38.8321584809699,2.38762890574522,0.0146130296051483,0.874924260614347,0.0496247351688456,-0.42769158015591
818,0,NA,NA,NA,NA,NA,NA
819,0,NA,NA,NA,NA,NA,NA
820,1,26.8290010164662,0.917059675860676,0.0199486255034104,0.787651809598877,0.0706668756513395,-0.328353575401077
821,1,26.4106525952445,1.28318450957879,0.0240760201833316,0.864643794804208,0.0452443972826223,-0.31077820673732
822,0,NA,NA,NA,NA,NA,NA
823,0,NA,NA,NA,NA,NA,NA
824,1,29.4171028956522,0.0935628480588309,0.0192281332845684,0.759486262934146,0.0581929802387903,-0.298373334968028
825,1,37.2664775358901,2.11426058929213,0.0144588665214806,0.856444775781485,0.0654599676899908,-0.417879277364156
826,0,NA,NA,NA,NA,NA,NA
827,0,NA,NA,NA,NA,NA,NA
828,1,28.0243932759577,0.89647832889767,0.0163859611948717,0.774084777642146,0.0912439528977721,-0.310769980271885
829,1,35.768887017063,2.05693898720612,0.0156838376062926,0.845708741957368,0.0418834316284458,-0.412669683159185
830,1,31.3869031791455,1.46766274057693,0.0195497701619037,0.83165258353185,0.0467779361397034,-0.378473146566102
831,1,32.8283237889482,1.51768381085285,0.0137084184382936,0.776326142481649,0.0788756199815493,-0.371367224855137
832,1,43.6446321442176,1.37743953172498,0.012315899931441,0.798494358388362,0.0422620416077673,-0.450093780389014
833,1,36.0560257625472,0.463619264263687,0.0161790640901431,0.799080575540059,0.0504245599401674,-0.37488599225532
834,1,29.1323512453012,0.940857735933534,0.0193039933318803,0.80119502540125,0.0540679406424139,-0.329738473468556
835,1,27.2142067371535,-0.0423494444686742,0.0181535229154282,0.726703134735267,0.0882199393329562,-0.279484974771159
836,0,NA,NA,NA,NA,NA,NA
837,1,25.432724572486,1.16461487127258,0.0204301283444161,0.796960166868426,0.0679850870824531,-0.309427858736196
838,1,28.1750648809035,1.20432921270441,0.0187033235763913,0.82931628826058,0.0768753106765809,-0.326607820722759
839,1,28.0993857435204,0.733731464197327,0.0184043082871757,0.78093280766642,0.0798317050005326,-0.308365429450533
840,1,31.0949427523674,1.11060088911416,0.0204429334874209,0.858155022747585,0.0552214885550945,-0.394979259523887
841,0,NA,NA,NA,NA,NA,NA
842,1,32.0523847664757,1.53658818675886,0.0178525154792814,0.832093348578043,0.0507973779894884,-0.38498889795093
843,1,30.7589223182271,0.386206133064373,0.0177904910401345,0.785262616436,0.0699539856517254,-0.319835328380076
844,1,24.9211502027695,1.14628772601,0.0252751380944237,0.8276856925442,0.0481429777160482,-0.339430960721588
845,0,NA,NA,NA,NA,NA,NA
846,1,26.9703706940581,-0.80924023001118,0.0201947332465364,0.722810519657337,0.0920155259547853,-0.279825034957795
847,1,40.1542041334114,0.338209571494739,0.0162191740084737,0.836984329289399,0.058766051376681,-0.467483745397766
848,0,NA,NA,NA,NA,NA,NA
849,1,26.7861973579522,0.773735284780554,0.0253169089174312,0.834460660587701,0.0505303087052978,-0.309454047096237
850,0,NA,NA,NA,NA,NA,NA
851,1,21.2756185874479,0.795231964345466,0.0175075170239306,0.71141313707131,0.101061362664254,-0.199848066977189
852,1,33.4834189668732,1.64684881598824,0.0178636484071889,0.825677972058598,0.0292080203721865,-0.364809546135713
853,1,32.1164387363193,-1.17609534836526,0.0177838187952347,0.734985077086951,0.0717429313692872,-0.335205036498308
854,1,25.3733786454261,0.288973349438323,0.0180278029893301,0.733297214050201,0.0925788303336793,-0.254778001887906
855,1,23.0693527090729,0.738650806558155,0.0246917008118748,0.793409203844034,0.0767468389251932,-0.270294534584497
856,0,NA,NA,NA,NA,NA,NA
857,0,NA,NA,NA,NA,NA,NA
858,0,NA,NA,NA,NA,NA,NA
859,1,27.6424892455897,0.977567825571946,0.0205946595068608,0.822116704251789,0.0607991043609293,-0.334582751480648
860,1,37.6920596381169,0.0614551359751871,0.0180119552075112,0.79754085711742,0.022931317595238,-0.389534533343393
861,1,35.768280080726,1.70687991520032,0.0127344983179986,0.724966048068752,0.0295327622162043,-0.37754504783204
862,1,27.0764473283952,0.345021424643992,0.0176928245663392,0.736432056562323,0.0764442619940548,-0.252899548823401
863,1,32.431657050631,1.1706984207589,0.0171546296619781,0.810160399352313,0.0593441014100478,-0.373778758954669
864,1,38.7668751343161,2.28573679703143,0.0164767088691689,0.867749483339192,0.0329335798354389,-0.47503065972408
865,1,30.2577184043156,1.49681980324572,0.0174692134860184,0.82703625384419,0.0587719171373716,-0.356156844496722
866,1,35.5748629143989,0.113539671372479,0.0194453514123432,0.81507324634423,0.0430069303884925,-0.429373726619821
867,0,NA,NA,NA,NA,NA,NA
868,1,27.7508835157162,0.972055330635214,0.0201304511088971,0.827713192109619,0.0758430228369376,-0.363323918838217
869,0,NA,NA,NA,NA,NA,NA
870,0,NA,NA,NA,NA,NA,NA
871,1,27.7164451363122,0.927483819585566,0.021204950887492,0.805449056563165,0.0541742813826589,-0.33603115436144
872,1,30.6893842522836,0.727851738735157,0.0181663435564745,0.814195163874979,0.0778161796682646,-0.325949793132696
873,1,24.3526137363828,-1.12667449806903,0.0316793028008416,0.824781195531852,0.0839281265222719,-0.242632518354986
874,1,26.4030347888192,0.914107681711734,0.0210952944974862,0.810580483455139,0.0673176368372402,-0.307865980078222
875,1,23.4915112867421,1.17233075805357,0.0269176616587574,0.875234398614231,0.0638455358732875,-0.262577946115092
876,1,31.2296824902973,1.09963030993999,0.0158208239130014,0.780517217644583,0.0594449588243124,-0.315457333093846
877,1,25.5954248304737,-0.581364635465789,0.0183360381092679,0.692355719915273,0.102238904183029,-0.267040387967238
878,0,NA,NA,NA,NA,NA,NA
879,1,25.0643761232087,0.91515239399041,0.0213411248392575,0.810283057141635,0.0808066285613478,-0.29036628958197
880,0,NA,NA,NA,NA,NA,NA
881,1,33.466946926137,0.18563841880345,0.0186428712462945,0.795686150486953,0.0755582491747499,-0.413461723027451
882,1,25.6703594696833,0.961011361423511,0.0230033696311222,0.837935997305291,0.072349359381211,-0.266916997553175
883,1,24.2838872511479,0.795107313501535,0.023025836284627,0.827805146758751,0.0867130504444237,-0.295657267792365
884,1,29.4047975327541,1.37444912100525,0.0178896331295391,0.822292164575822,0.070825694207657,-0.387633642304282
885,0,NA,NA,NA,NA,NA,NA
886,0,NA,NA,NA,NA,NA,NA
887,0,NA,NA,NA,NA,NA,NA
888,0,NA,NA,NA,NA,NA,NA
889,1,31.380607097785,1.2635475498718,0.0186190057966683,0.806465261284191,0.0462055452392791,-0.379201482357592
890,1,41.2852444245975,0.257253449596557,0.0173991112077037,0.851236682581481,0.038934067963154,-0.455590737801896
891,0,NA,NA,NA,NA,NA,NA
892,0,NA,NA,NA,NA,NA,NA
893,0,NA,NA,NA,NA,NA,NA
894,0,NA,NA,NA,NA,NA,NA
895,0,NA,NA,NA,NA,NA,NA
896,1,40.1482114375776,2.20870634318804,0.0140871213043465,0.836313970108901,0.0466423143089946,-0.463109879825379
897,1,28.45163747069,0.302218345248464,0.019379813954168,0.781507181851942,0.0758623332148512,-0.350569251094797
898,1,40.1029830428181,-2.02173405568462,0.0162150408060193,0.781892583634387,0.0823707496158801,-0.384256350396895
899,1,24.793117044165,1.05688607814053,0.0191395380496766,0.776642505359547,0.0768709058368882,-0.291683379260201
900,0,NA,NA,NA,NA,NA,NA
901,1,24.4736264934668,1.08929047870912,0.0244187414972168,0.846761210756609,0.0689970006318425,-0.339883629040829
902,1,28.6336054175075,1.26376488342964,0.0208376875071952,0.837130726974069,0.0524125507246713,-0.34131614140357
903,1,30.2319630364837,1.28655041695159,0.0186257056901667,0.827581920182281,0.0653034541191853,-0.38505354902791
904,1,38.9686087239931,2.67680006360663,0.0175023061047464,0.898196621672217,0.0114723926978996,-0.455677481250281
905,0,NA,NA,NA,NA,NA,NA
906,0,NA,NA,NA,NA,NA,NA
907,1,28.6370761524586,1.2979377292287,0.0220070213862662,0.85865825615609,0.058343406188757,-0.366949670326982
908,1,27.6240892474562,1.16000504728298,0.0197051632932262,0.827178991151632,0.0801787084558765,-0.347517007570086
909,0,NA,NA,NA,NA,NA,NA
910,1,34.1379967148697,0.964296614888874,0.0152085306619715,0.821278591739824,0.079094135231279,-0.380459705945216
911,1,19.0159372508715,0.624068979391118,0.031082400436628,0.799030836927845,0.0867971203888565,-0.2278510418274
912,1,26.0877955473973,1.10710490608125,0.0240513272480684,0.855302762736803,0.0620269131158873,-0.330374124128169
913,1,43.577307321854,2.65047971134676,0.015697787600609,0.896244647796575,0.00926505306939565,-0.441518096021837
914,1,42.421478403898,-0.943817706300719,0.018083864314923,0.822882610753903,0.0318294328474927,-0.433117070392107
915,1,30.2030713265184,1.22402147443776,0.021453576649841,0.841419344983623,0.0470610572338895,-0.381713492595762
916,1,29.0546277821359,0.101178949725601,0.0209481346867843,0.784651747629433,0.0630470511938629,-0.311063328487367
917,0,NA,NA,NA,NA,NA,NA
918,1,22.1345222543827,0.343390049466159,0.0206469942875019,0.709168531535894,0.089826623232611,-0.189220765096988
919,1,27.9063610136157,-0.936794880530963,0.0235037667173651,0.758478972180606,0.0766271010185067,-0.311336508308059
920,1,31.0329973814201,0.837197037440043,0.0162784115240817,0.784880168402705,0.0837813240243519,-0.334660972687089
921,0,NA,NA,NA,NA,NA,NA
922,1,25.2582739007773,0.949862892037503,0.0195146683119683,0.799352558566721,0.0869461806386542,-0.258875424566477
923,1,26.3215297937011,0.797086626285627,0.023235499169259,0.824353224619551,0.0633181135411265,-0.340850794655633
924,1,26.8098441852623,1.2905290430063,0.0183523664458708,0.805478687214466,0.0745679996776569,-0.302838360534395
925,0,NA,NA,NA,NA,NA,NA
926,0,NA,NA,NA,NA,NA,NA
927,1,33.1925385921665,1.64723503685599,0.0163048379203171,0.836845771108007,0.0663011946000101,-0.39264481852203
928,1,31.6090413871987,-0.984335905127783,0.0182309302101092,0.762519211408764,0.0854540988652562,-0.335683918068083
929,1,25.0652764075998,0.95587318712872,0.0215537861701527,0.792750756343302,0.0690486138818178,-0.33224075541263
930,1,27.2103539096504,1.16820048089518,0.0195718491326646,0.82230877245582,0.072579091019375,-0.323636930168251
931,0,NA,NA,NA,NA,NA,NA
932,0,NA,NA,NA,NA,NA,NA
933,1,27.3326863357024,-1.12470796544727,0.0206666064465519,0.736612169962913,0.0875839127232619,-0.293139998412532
934,1,32.1916642586937,1.15123212656547,0.018208048530409,0.822982228023858,0.0526127626467582,-0.377751672051316
935,1,32.4141444415463,0.392245896105242,0.0156062390627366,0.775954424896948,0.0731293311405238,-0.339273112133594
936,0,NA,NA,NA,NA,NA,NA
937,1,33.1290002701649,1.36794355700022,0.0187629598607786,0.838354247078031,0.0448826502457965,-0.386819311109349
938,0,NA,NA,NA,NA,NA,NA
939,1,45.3182453222685,2.19729749481795,0.0122514993414368,0.83480965967726,0.0653953630520012,-0.502274278511345
940,1,36.3224840952383,0.292150010561055,0.0165280808243738,0.804774936535402,0.0504581092099411,-0.394281822990404
941,1,32.7588968109093,1.67151604829439,0.0149917783114005,0.814019209883054,0.0593089355596509,-0.36399836687496
942,0,NA,NA,NA,NA,NA,NA
943,0,NA,NA,NA,NA,NA,NA
944,1,37.1328244095136,0.536846115795932,0.0132652023368611,0.779081194847227,0.0709896516450023,-0.381908452206711
945,0,NA,NA,NA,NA,NA,NA
946,0,NA,NA,NA,NA,NA,NA
947,1,27.7980360424768,1.17385925608719,0.0191844034394521,0.809020564806659,0.0699552269321156,-0.341607035632716
948,1,37.0333526397064,1.8680611064593,0.0162985928343836,0.865642867347678,0.0540544777181261,-0.433638295766008
949,1,25.9692971514207,0.85907780700891,0.0225928427607172,0.82401337483471,0.077090216954877,-0.349558121340265
950,1,25.9457852160417,-1.00890938799549,0.0240600808502736,0.728141419167189,0.0765703661994972,-0.264509800961927
951,1,27.8050442640375,0.254625934164088,0.0170118812440363,0.731669981423968,0.0896271984524668,-0.311401920903237
952,0,NA,NA,NA,NA,NA,NA
953,0,NA,NA,NA,NA,NA,NA
954,0,NA,NA,NA,NA,NA,NA
955,1,39.6995545019103,1.73759053440883,0.0135343915406098,0.817704115195846,0.049906812114801,-0.433399706521711
956,1,35.0562836852479,-0.738812880510042,0.0145686583545204,0.738114556580069,0.0851715407484406,-0.326361013793487
957,1,26.0256821377944,0.0907779216502998,0.0204683515991906,0.770335890078569,0.104140822025985,-0.298486435889476
958,0,NA,NA,NA,NA,NA,NA
959,1,26.3285898118567,0.990902059303757,0.0205690381714062,0.779132122053151,0.0459247766916195,-0.314142195175715
960,1,44.049965246537,2.47815165453035,0.0139402543541287,0.852649197772643,0.038280739845904,-0.496976701180849
961,0,NA,NA,NA,NA,NA,NA
962,1,25.279034147367,0.740215154094841,0.0197861712396233,0.772240178376988,0.0800864731449547,-0.257202837696379
963,1,37.129546184535,1.96572216163557,0.0175957643038505,0.848326312053569,0.018712855817921,-0.454177380135965
964,1,32.5154595651847,1.33453436858954,0.0162970187715322,0.806280515442302,0.0681103185395907,-0.396343200009451
965,1,39.4138711492087,1.75436195369239,0.0146217527333172,0.853762100402113,0.0545952287748553,-0.424679225079483
966,1,26.6369416871496,0.722116610245164,0.0202419323311069,0.801789538448908,0.084835556991768,-0.33312653633411
967,0,NA,NA,NA,NA,NA,NA
968,0,NA,NA,NA,NA,NA,NA
969,1,30.3992249269361,0.312072058769427,0.0179534229346051,0.766125103555177,0.0607626140658057,-0.312690332302181
970,1,26.3048449962668,0.988943873710087,0.0238627678465885,0.830725467206134,0.0612385574175169,-0.348872862784008
971,1,26.5173744710203,1.15949748231244,0.0230531037039761,0.847894910243948,0.0598472520425783,-0.320452478400926
972,0,NA,NA,NA,NA,NA,NA
973,0,NA,NA,NA,NA,NA,NA
974,1,24.5448841290126,0.842511453767117,0.0205596750651026,0.79472643143647,0.0926261526833289,-0.291533609867277
975,0,NA,NA,NA,NA,NA,NA
976,1,26.7628827846964,0.945317267600973,0.0160530943459994,0.769717586315774,0.10282441390959,-0.310270810704499
977,1,55.2899466025863,4.26830509416656,0.0144180719103842,0.944065970262336,-0.00438131926941652,-0.573069337027354
978,1,26.3744793219941,0.163131268701598,0.0254318890843583,0.786928033271793,0.0406330783280113,-0.265209375085945
979,1,25.4359792604099,0.998325279727356,0.0196762055359768,0.806921065036132,0.0764813521936968,-0.293673445663564
980,1,26.0829834308675,0.89056857005647,0.0214432933240457,0.814530855432874,0.0756302916992359,-0.265210655096698
981,1,41.4719400312505,1.96643519439332,0.0152526987459018,0.868711666194437,0.0448973407626825,-0.486641505361484
982,1,29.5516400174071,1.00717682057621,0.0170471327634741,0.788530312201546,0.074693927368265,-0.345046293737479
983,1,23.3206253030263,0.603233247629992,0.0192456768496238,0.743335955658705,0.105732145626174,-0.270015843973247
984,0,NA,NA,NA,NA,NA,NA
985,0,NA,NA,NA,NA,NA,NA
986,1,44.835355004115,2.83474146585506,0.0133802390355302,0.865419250537288,0.0341489896172612,-0.502830671957824
987,1,35.2706376989326,1.52266775640989,0.0149078170422302,0.818207010755085,0.0548256345730557,-0.379966438142481
988,0,NA,NA,NA,NA,NA,NA
989,0,NA,NA,NA,NA,NA,NA
990,0,NA,NA,NA,NA,NA,NA
991,1,24.4180804704923,0.851900193077676,0.020889047793827,0.779158946420274,0.0794053422436243,-0.32797876823316
992,0,NA,NA,NA,NA,NA,NA
993,1,37.9049236817245,0.135989499051781,0.0174301058159809,0.847767984206186,0.055357355248042,-0.392284266369026
994,1,39.6882174770458,-1.1260575810612,0.0219921352014663,0.850963030886221,0.0195930291925863,-0.419104562025629
995,0,NA,NA,NA,NA,NA,NA
996,1,32.8130031554977,0.142355823187639,0.0163657620533405,0.779843485182145,0.081654063314629,-0.382831809251754
997,1,26.5140732560133,1.14252549998945,0.026846252254576,0.867692712393163,0.0440734471777544,-0.364324886767292
998,1,22.4894814166654,0.292730490720925,0.0218585466799521,0.748268657010776,0.100424377592681,-0.202290222166396
999,1,27.5957870587923,1.00366519205301,0.0189248512541342,0.819761127505836,0.0788780610673092,-0.278844006078143
1000,1,40.6033201379346,2.14455581889191,0.0125592734737021,0.820645652849715,0.062204464416804,-0.48142045114584
1001,1,34.9198313607591,2.03471445693936,0.0217813963296275,0.922653915597029,0.0310350115752473,-0.456457559181456
1002,1,36.5112177283182,1.9167344009679,0.01526650814816,0.846086388095465,0.0536235110408967,-0.374180007046478
1003,1,27.0054035734257,0.934814633580229,0.0190807296577396,0.776735035334881,0.0807677588733234,-0.308014587592401
1004,0,NA,NA,NA,NA,NA,NA
1005,0,NA,NA,NA,NA,NA,NA
1006,1,30.1580986997636,1.29701316369478,0.018683466594105,0.824946448886202,0.0553595126845387,-0.320187928359958
1007,1,33.6890050097831,0.461168948940636,0.0169729743975181,0.801963128145864,0.0579331901858545,-0.361549250373327
1008,0,NA,NA,NA,NA,NA,NA
1009,0,NA,NA,NA,NA,NA,NA
1010,1,32.5330970981793,1.55661615234332,0.0183360108795745,0.861032750246177,0.0586276874651889,-0.392275642727684
1011,1,38.3648468776316,-0.836509310094749,0.0195191261212956,0.826389182402266,0.0426062326273121,-0.413101263571028
1012,1,25.0895256027026,0.853010713290013,0.0195927691850666,0.785820699152221,0.0848793672019389,-0.313973672875669
1013,1,30.3482492941706,-1.54017154846652,0.0202345274843386,0.764495452201881,0.0939070514803202,-0.281780670943333
1014,1,32.103100837948,1.42808545828258,0.0176553755960924,0.831395626734653,0.0513956452021895,-0.351901333754676
1015,0,NA,NA,NA,NA,NA,NA
1016,1,32.5089508709284,0.971545173364752,0.0161880288270341,0.806340436846211,0.0671497864768821,-0.331070889073571
1017,1,31.6624255380813,1.73228105710289,0.0187574378282073,0.864649729171175,0.0640195555773591,-0.396329200794726
1018,1,41.0663603159169,2.32149030986089,0.0143528464493888,0.845970188138209,0.0253280119472434,-0.433792194439542
1019,1,32.5828242677681,1.89929318673756,0.0187056994230801,0.863046146064237,0.0326835402819921,-0.393315884468529
1020,1,28.4393603579383,1.00268942498897,0.0211749745488367,0.818537928784612,0.0767678345414236,-0.429785881206231
1021,1,34.844221677454,-0.424721448746436,0.0179793567951347,0.777397312137491,0.0636644811992197,-0.408977676102246
1022,0,NA,NA,NA,NA,NA,NA
1023,1,32.0396571780132,0.540264815428664,0.0145337306520477,0.752885441216645,0.077520761305625,-0.328363151932001
1024,1,29.541411502496,1.20644889783197,0.0169947503738297,0.778055751634794,0.068634802997243,-0.355874757928963
1025,1,31.1727933356576,1.78614931890994,0.0192285954752872,0.861432296557783,0.0442807704267257,-0.382165677918512
1026,1,38.1127460605905,0.748417359998727,0.014365370658544,0.800268411420054,0.0549015145377022,-0.390231906530707
1027,1,25.9774984489466,1.02995293459309,0.0169932817310013,0.761506588664663,0.0965339978446558,-0.292644857754225
1028,1,27.4444989923874,0.856656840191669,0.0189009351645624,0.790140979904999,0.0709400216944382,-0.341976253750196
1029,1,32.0387717854772,1.14598031515943,0.0145321900485344,0.78127764554664,0.0790431819740884,-0.349645221877838
1030,1,25.4469468957399,-0.0888622733596073,0.0248808891624816,0.767634302094374,0.0715671090581845,-0.279997133038916
1031,1,31.4012530820186,0.400962283788525,0.0158469861212506,0.764769457573696,0.07176568084283,-0.310180454901551
1032,0,NA,NA,NA,NA,NA,NA
1033,1,34.7722187098641,1.67148281048826,0.0188980188250464,0.874023868055482,0.0543991455987284,-0.421192085965553
1034,1,26.8023659156769,0.227454356623658,0.0184402862801985,0.744984677502961,0.0853123225130868,-0.308537023807173
1035,1,28.8218172884274,0.00606926104169406,0.019486236786418,0.777129218811269,0.0949074218254029,-0.31535047953705
1036,0,NA,NA,NA,NA,NA,NA
1037,1,33.5687143980462,0.120089246775911,0.0164519624800368,0.799281147478454,0.075547044546943,-0.350680050184429
1038,0,NA,NA,NA,NA,NA,NA
1039,0,NA,NA,NA,NA,NA,NA
1040,0,NA,NA,NA,NA,NA,NA
1041,1,45.7122297715599,1.77221094074535,0.0129988043195429,0.827805120873324,0.0328359629549562,-0.446045138659056
1042,0,NA,NA,NA,NA,NA,NA
1043,1,34.5864707538197,0.935366599745881,0.012344516156772,0.756781300822363,0.07862487552358,-0.356198476647819
1044,1,36.644944093857,-0.408847945290211,0.0173726440716905,0.789586247835225,0.0522604922276027,-0.408545975818743
1045,1,35.2193558630179,1.69144264204834,0.0185825895744729,0.830785489767206,0.0293825239534643,-0.469765211291528
1046,1,26.4156124635745,0.93700264614872,0.0190535061632187,0.7682636128259,0.0682002572937879,-0.311404331804924
1047,0,NA,NA,NA,NA,NA,NA
1048,0,NA,NA,NA,NA,NA,NA
1049,1,28.7531594251788,0.409844757606994,0.0176457727586757,0.76947806766708,0.0719621746844231,-0.258629119074324
1050,1,28.3655905027998,1.28564822864998,0.0171866993728648,0.803863634993832,0.0698717543499126,-0.325611757518403
1051,0,NA,NA,NA,NA,NA,NA
1052,1,21.9956505389713,0.0126318705211432,0.0265967468165376,0.756855848795766,0.106865410458693,-0.29706201967005
1053,1,29.7837689825491,1.03413346954045,0.018235638329976,0.822769488356936,0.0733945357095838,-0.36581177072002
1054,1,35.0296638345437,0.356556247960562,0.0162553839775813,0.787269727386616,0.0630938711078013,-0.401818222317515
1055,0,NA,NA,NA,NA,NA,NA
1056,0,NA,NA,NA,NA,NA,NA
1057,0,NA,NA,NA,NA,NA,NA
1058,1,18.7421616865168,0.524250260985829,0.0258999677783921,0.742945707836559,0.103836873654383,-0.158497743902931
1059,0,NA,NA,NA,NA,NA,NA
1060,1,26.6410267574226,1.05230365802002,0.0196127975416851,0.789546310179947,0.0564855267598385,-0.285192604978078
1061,0,NA,NA,NA,NA,NA,NA
1062,0,NA,NA,NA,NA,NA,NA
1063,0,NA,NA,NA,NA,NA,NA
1064,0,NA,NA,NA,NA,NA,NA
1065,0,NA,NA,NA,NA,NA,NA
1066,1,34.9790813905684,-0.0401452626557544,0.0145803501976688,0.776165256810134,0.0862215321884823,-0.390200883094837
1067,1,33.1855632194979,0.420430909682907,0.0179996437000543,0.793427676744606,0.0411681832596369,-0.356506241571852
1068,1,33.9424191718948,-1.39160270097421,0.0247943971984628,0.822599266597401,0.0552901725659288,-0.379931705049657
1069,1,37.5546086445657,-0.755386695740067,0.0159037266931975,0.771815690038714,0.0652562266575283,-0.398669336095
1070,1,31.205043866705,0.0615721445922259,0.0184735561328895,0.774494697762667,0.0766453140968816,-0.355057719092669
1071,0,NA,NA,NA,NA,NA,NA
1072,0,NA,NA,NA,NA,NA,NA
1073,1,30.8175987445383,1.49771271560171,0.0195757925673977,0.852231189768842,0.0545325868500323,-0.398548791798049
1074,1,45.0657929584251,0.552567283993591,0.0126623418877569,0.79459680311428,0.0491336517119417,-0.481378841335937
1075,0,NA,NA,NA,NA,NA,NA
1076,0,NA,NA,NA,NA,NA,NA
1077,1,33.9912488145931,1.79788358277885,0.0142932911496925,0.802693764291421,0.065367992800797,-0.401676338156358
1078,1,42.0365201824174,2.79482024348698,0.0154680667790445,0.880705496466134,0.0172091016964723,-0.45113460282591
1079,1,29.596806754285,1.47110360703489,0.0211754827580934,0.861258814471228,0.0467645797904301,-0.364002264505991
1080,0,NA,NA,NA,NA,NA,NA
1081,1,33.2967727826642,1.19036182636986,0.0168460409843563,0.813354646926296,0.0642997959257892,-0.391303608721587
1082,1,31.3428889120966,0.233156841779184,0.0129622838968525,0.71225842084645,0.105684684727653,-0.285418048019982
1083,1,33.6198705599176,1.82714626062091,0.0187237291954348,0.884114643104779,0.0552395498591763,-0.411665696275329
1084,1,34.0744064555617,-1.36013681076412,0.0229574559001623,0.811288090437758,0.0532758465544605,-0.365140610003386
1085,0,NA,NA,NA,NA,NA,NA
1086,0,NA,NA,NA,NA,NA,NA
1087,1,30.55001853016,-0.775973489304486,0.0177882157518986,0.747289564851639,0.0908055640535099,-0.326015861189256
1088,1,24.7165780160876,0.87845220460734,0.0220824964003956,0.81225397353095,0.0792737771559384,-0.269237158377161
1089,1,31.0179451904083,0.48488876603121,0.0172036333918627,0.794038600246288,0.0632301015040609,-0.337416078157165
1090,1,34.9905495458476,1.1649851277311,0.0156363748470973,0.812259437715881,0.0607033153388663,-0.391758798928771
1091,0,NA,NA,NA,NA,NA,NA
1092,0,NA,NA,NA,NA,NA,NA
1093,1,27.5853508281402,1.12303424480329,0.0193639619431016,0.80669522419895,0.0800746897376866,-0.354312128160894
1094,1,21.7554903178698,0.559529881693681,0.0207384817351181,0.744487248866213,0.102060177338951,-0.239344773323706
1095,1,29.6132230571827,1.5046833512263,0.0189997182904572,0.853462107145103,0.0689966817477079,-0.400508756374804
1096,1,24.4423637243437,1.04645938437006,0.026520054450282,0.857098676831942,0.0605091790801137,-0.327603674080901
1097,1,32.3356142757757,0.905709590524188,0.0166398967230335,0.789567715536315,0.065546410394863,-0.329682391292885
1098,0,NA,NA,NA,NA,NA,NA
1099,1,25.1713192301555,0.28488260818742,0.0190988147157386,0.700472206725222,0.0785906636826342,-0.299138958017887
1100,0,NA,NA,NA,NA,NA,NA
1101,1,34.4089924821109,-0.746577159128556,0.0180786493324086,0.769816994202395,0.0652602751926892,-0.386458967730496
1102,1,21.1037402360417,0.542007188545716,0.021451285438198,0.717296020985211,0.0984104712431159,-0.218960406867893
1103,1,29.1203928006755,1.08168757516047,0.0203329578682752,0.840735558140077,0.0663798616374662,-0.352234139130533
1104,0,NA,NA,NA,NA,NA,NA
1105,0,NA,NA,NA,NA,NA,NA
1106,1,37.8821973012337,-0.933515018975745,0.0205123882818772,0.786105942160499,0.0285920506908731,-0.450477471445706
1107,1,34.9503776633654,1.50472289586993,0.0171008505587556,0.843012848296801,0.0570636680738862,-0.429777518308617
1108,1,29.8023872117791,1.22215875554648,0.0187598925311791,0.82853910181598,0.0658327470634665,-0.355954626721539
1109,1,40.1159218613208,-0.776605397211604,0.0170109483442637,0.80175448149296,0.0283257530367566,-0.405479956556804
1110,1,38.8585173779459,0.558951721563071,0.0147331579511743,0.801411972758443,0.0684559055603236,-0.460638519964412
1111,1,36.4588059287944,1.77067406692318,0.0161561889950147,0.835179921161524,0.0407659178883083,-0.40452054478758
1112,0,NA,NA,NA,NA,NA,NA
1113,1,29.5035949709249,1.16231374668396,0.0205755806903936,0.831754467798205,0.0395334469692716,-0.319313915775588
1114,0,NA,NA,NA,NA,NA,NA
1115,1,25.1595442993968,0.635094496126436,0.0225046815304794,0.783332224252719,0.0851272787594339,-0.301167952957971
1116,1,22.9062720565323,0.89091119620094,0.0219849301873146,0.788841831275065,0.0816591850376101,-0.262285222831306
1117,1,34.8702125123944,0.715297352239383,0.0163291816014923,0.807921022304523,0.0547778975065298,-0.387075038100804
1118,1,34.6108227937588,-0.615834763576068,0.0150168546539614,0.734282534961734,0.077366667755659,-0.393110791640517
1119,0,NA,NA,NA,NA,NA,NA
1120,1,27.6520020648337,1.05648881302948,0.0186205962764006,0.786302104009163,0.0628129697789113,-0.306553033389816
1121,0,NA,NA,NA,NA,NA,NA
1122,1,39.4396992848503,0.502816414484422,0.0193614136252863,0.842716473854308,0.0127427052786784,-0.451155482467024
1123,1,36.6559019003488,1.09649356575905,0.0159099809041743,0.812910071325097,0.0503806285358798,-0.409184137284686
1124,0,NA,NA,NA,NA,NA,NA
1125,0,NA,NA,NA,NA,NA,NA
1126,1,28.1761805690769,0.132867208787764,0.020669213290675,0.785657955202242,0.0668216241098182,-0.312629128967376
1127,0,NA,NA,NA,NA,NA,NA
1128,1,37.5048389179264,-0.136213550600882,0.0172207398658797,0.806573976953709,0.0532511728224646,-0.441356066844627
1129,0,NA,NA,NA,NA,NA,NA
1130,0,NA,NA,NA,NA,NA,NA
1131,0,NA,NA,NA,NA,NA,NA
1132,1,30.059293730475,-0.960519148430523,0.0223907310308777,0.788008995327017,0.0644169186482986,-0.280868953492997
1133,0,NA,NA,NA,NA,NA,NA
1134,1,31.8110633885618,0.376880002101543,0.0171139381566636,0.778574388420259,0.0687945892753722,-0.343749067271599
1135,0,NA,NA,NA,NA,NA,NA
1136,1,26.4339424348085,1.30966236053199,0.0217486482690167,0.852080522814291,0.0727445751315117,-0.353702060236721
1137,0,NA,NA,NA,NA,NA,NA
1138,0,NA,NA,NA,NA,NA,NA
1139,1,32.6999460887024,1.34273489189744,0.0174699885750009,0.831524025883473,0.0508226140446548,-0.375778533248974
1140,1,33.3394899443911,1.46830212229801,0.0167799056594832,0.824307298299296,0.0575136401133974,-0.404882563412796
1141,0,NA,NA,NA,NA,NA,NA
1142,1,32.459022611985,1.61287525667201,0.0191847815282943,0.852444921253199,0.0448061410683631,-0.393514865565745
1143,1,36.2292934560121,0.8861206856504,0.0128419250927708,0.758027637584559,0.0648103942736693,-0.382394562836201
1144,1,32.5330390394105,-1.32401029559193,0.0193695911159864,0.768467447749693,0.0896654574514815,-0.378501838332409
1145,1,35.9647291496387,1.0972236191957,0.015258222556872,0.8043041989015,0.0538511033991683,-0.424632240340792
1146,1,22.6110602692423,0.67349786573309,0.0240886408080733,0.792236903064084,0.0740117442590636,-0.246084052247328
1147,1,26.7350647452384,0.882174045776293,0.0206946817201596,0.774229248612974,0.0669703870532724,-0.347799438938652
1148,1,23.3823585959369,0.666851197724442,0.0212054328135708,0.757139923366728,0.0922499681879479,-0.282433769620744
1149,1,21.3471135938359,0.646763832015669,0.0255055849748565,0.792149635525483,0.0902715706919419,-0.20570336994139
1150,1,29.8690166769986,1.23462269819716,0.0174058639410868,0.813170871332985,0.0673929109477278,-0.339619912262664
1151,0,NA,NA,NA,NA,NA,NA
1152,1,42.1490060088492,2.31822237977227,0.0128138057549593,0.83630815460792,0.0529731563822006,-0.442662533351328
1153,0,NA,NA,NA,NA,NA,NA
1154,1,28.8589695809884,1.03565232623479,0.018742941190993,0.816693317982496,0.0864449803172839,-0.366208899400511
1155,0,NA,NA,NA,NA,NA,NA
1156,1,40.4436738433612,1.69054873810872,0.0131243251167286,0.823867292782152,0.055437329735114,-0.405302031797527
1157,1,24.1134142559708,0.320311981800214,0.023486211574416,0.76316481756839,0.0698094373640007,-0.249855356290462
1158,0,NA,NA,NA,NA,NA,NA
1159,0,NA,NA,NA,NA,NA,NA
1160,1,39.8701980239866,-1.3548361605576,0.0196389360539205,0.848945315564992,0.0490962604248776,-0.435040933932375
1161,0,NA,NA,NA,NA,NA,NA
1162,0,NA,NA,NA,NA,NA,NA
1163,1,34.5858341426145,-1.26218816952572,0.019035377846347,0.769018578699085,0.0499298656600109,-0.354948436131195
1164,1,24.7572128907923,0.751619617821784,0.0186680615592859,0.758086417125012,0.101487050693445,-0.281507681593426
1165,1,23.343040234117,0.482762609985736,0.0198358738787539,0.717852217975472,0.0806376079292002,-0.228945332964822
1166,1,37.0694128655005,-1.66527399898563,0.0192385625363771,0.780914947757799,0.0558869989209886,-0.375262996872112
1167,1,36.3944692382612,0.815597308219182,0.015562784681644,0.790944058874261,0.0519241170732187,-0.440135163849476
1168,1,27.5131251318813,0.364155503517579,0.0161320335869634,0.744981725666886,0.106429592224331,-0.303193490100035
1169,1,31.371630759361,-1.31460166081265,0.0169056266458652,0.730205020765033,0.106740921565332,-0.333372223032272
1170,1,31.9518692532954,1.34299147008415,0.0145187547880009,0.776271391462185,0.0694415804390509,-0.363082975222922
1171,1,27.3380887529911,0.915201597671273,0.0159658931419704,0.769102221649776,0.0898253417455435,-0.259132690162589
1172,0,NA,NA,NA,NA,NA,NA
1173,0,NA,NA,NA,NA,NA,NA
1174,1,38.5765373636603,0.186627861199845,0.0131493167459805,0.757243029991194,0.0660772564204043,-0.41869215862191
1175,1,18.8589757817202,0.136806602538904,0.0277977053164168,0.71897505686897,0.116884106864046,-0.203048071594618
1176,1,43.4627781147903,-1.84205237896489,0.0187269247799275,0.852928768197764,0.0511841250220777,-0.427786439086655
1177,1,39.8691419680103,2.43598275831708,0.0153182925130232,0.892427895296444,0.0492285392077637,-0.450625910264188
1178,0,NA,NA,NA,NA,NA,NA
1179,1,26.161523083498,0.920364109334476,0.0224148868238584,0.808502564898891,0.0736823587345658,-0.346187106084964
1180,1,26.2982980184661,0.00126976423483124,0.020814694433031,0.746396059772241,0.0751986280328838,-0.269499924430756
1181,0,NA,NA,NA,NA,NA,NA
1182,0,NA,NA,NA,NA,NA,NA
1183,0,NA,NA,NA,NA,NA,NA
1184,0,NA,NA,NA,NA,NA,NA
1185,1,30.7410541458807,0.935664663428836,0.0186195665750571,0.811034131719547,0.0745948904857932,-0.34057946698125
1186,1,30.4840281218295,1.48230668353917,0.0220432988224077,0.873610559793037,0.0568135528291284,-0.375650771758278
1187,0,NA,NA,NA,NA,NA,NA
1188,0,NA,NA,NA,NA,NA,NA
1189,1,45.125143513033,0.221634463615329,0.0182714247224696,0.863564736234364,0.0134726485991229,-0.52280259951768
1190,1,25.5608686121224,-0.919971158142129,0.0286034964592113,0.801513080701808,0.0703143847474095,-0.226224311928414
1191,0,NA,NA,NA,NA,NA,NA
1192,1,27.1161144870711,0.934074142389553,0.0206217085456278,0.798663991959807,0.0632303667717901,-0.294003447646399
1193,1,41.6722375419227,2.60545290215031,0.0154194921453779,0.889587278176647,0.0295913191707357,-0.441461703600863
1194,0,NA,NA,NA,NA,NA,NA
1195,0,NA,NA,NA,NA,NA,NA
1196,0,NA,NA,NA,NA,NA,NA
1197,1,30.91977949832,1.41766564085779,0.0184748126311868,0.825344147116248,0.0593710641309616,-0.385566258413088
1198,1,37.0651305739902,1.87855181776654,0.0152853416072101,0.834434774040746,0.0467879876391955,-0.411793972457558
1199,1,24.2615906509131,0.910232730054581,0.0257015507992055,0.809561183098324,0.0543100544665709,-0.300615788794664
1200,0,NA,NA,NA,NA,NA,NA
1201,0,NA,NA,NA,NA,NA,NA
1202,1,21.0197179010826,0.594438566300825,0.026307835149649,0.785969316027533,0.0831977529457325,-0.225318465104182
1203,0,NA,NA,NA,NA,NA,NA
1204,0,NA,NA,NA,NA,NA,NA
1205,1,27.5065769781391,1.0671324823527,0.0184469111152904,0.791690388994922,0.07606205788983,-0.325337352185757
1206,0,NA,NA,NA,NA,NA,NA
1207,1,30.1451255846835,0.928277476455717,0.0183448533943232,0.793168941887316,0.076519626854666,-0.361557814255102
1208,0,NA,NA,NA,NA,NA,NA
1209,0,NA,NA,NA,NA,NA,NA
1210,1,31.4188966940172,1.30819581626423,0.0179179387367573,0.806811468440488,0.0517766915394022,-0.37884325170907
1211,1,35.4416930594413,1.48920287348197,0.0173009457488647,0.848269462707289,0.0464283853316151,-0.370400800555978
1212,1,35.3044354168618,1.70890358064581,0.0197973905106612,0.882122251214735,0.0317218680873701,-0.410921585855335
1213,0,NA,NA,NA,NA,NA,NA
1214,1,22.8680968629221,0.493328221865822,0.0204233334611292,0.756319061753959,0.0981633946950708,-0.229045335435095
1215,1,42.9557573206436,1.95149381599892,0.0119723146445539,0.825543616720719,0.0493560476039319,-0.403358335915277
1216,1,32.2635090307025,1.05517774387826,0.0157517194201461,0.791970160026296,0.0673853747738117,-0.355750900078308
1217,1,26.3855084011188,0.882624454551406,0.0220615709302606,0.819135374966302,0.0745670405098697,-0.325475209488665
1218,0,NA,NA,NA,NA,NA,NA
1219,0,NA,NA,NA,NA,NA,NA
1220,0,NA,NA,NA,NA,NA,NA
1221,0,NA,NA,NA,NA,NA,NA
1222,0,NA,NA,NA,NA,NA,NA
1223,1,44.8726288500881,-1.60072660662339,0.0159945400892398,0.823543205283534,0.0534893309166998,-0.427637958492778
1224,1,44.3457977451009,-1.668939896004,0.0181828679803484,0.830101015860113,0.053414791909258,-0.473310402230766
1225,1,37.2818507995388,1.41074439597779,0.0181183169930973,0.853059786244042,0.0293695237219271,-0.407187204151345
1226,0,NA,NA,NA,NA,NA,NA
1227,1,25.6364480123409,0.320999096310047,0.0211390762402576,0.763315109896746,0.0721580313912392,-0.251661764554342
1228,0,NA,NA,NA,NA,NA,NA
1229,1,24.8228141110032,0.919647144238201,0.0219430423862705,0.808352944883913,0.0761018555917877,-0.291220192528537
1230,1,22.4991534255979,-0.712020587175957,0.027486014060316,0.755506553282211,0.117957497699513,-0.279011753817935
1231,1,36.6425049420227,1.449956270547,0.0137774734620346,0.817117304785954,0.0597706009115198,-0.342806352704837
1232,0,NA,NA,NA,NA,NA,NA
1233,1,29.5178224924019,0.106877733222851,0.0132563540293501,0.701481806057877,0.1147548744029,-0.334012226432503
1234,1,22.1882515963101,0.90668519894615,0.0257562882756108,0.812446809893596,0.0720962035901914,-0.268508972071804
1235,1,29.2308035314452,0.190874262799434,0.0205709725310272,0.778218168669969,0.0627327412109877,-0.299441482175388
1236,0,NA,NA,NA,NA,NA,NA
1237,1,35.5943642982175,1.83918421069536,0.0158598593046519,0.835370353889945,0.0567895733813437,-0.42079295753487
1238,0,NA,NA,NA,NA,NA,NA
1239,0,NA,NA,NA,NA,NA,NA
1240,1,30.8850936245762,1.54834836778352,0.0223136616587505,0.899208809268364,0.0557571376989265,-0.367760689248934
1241,1,28.2853956106494,1.19299933715661,0.0206925423865351,0.838343946713672,0.0619241417415519,-0.352702085089878
1242,1,34.0114257005468,1.10207641883986,0.0159469291943283,0.794066480529285,0.0621140307146275,-0.360131124763072
1243,0,NA,NA,NA,NA,NA,NA
1244,0,NA,NA,NA,NA,NA,NA
1245,1,24.5999453837848,1.0663681235307,0.0287013844333038,0.857897693829651,0.0550298277042347,-0.326824677311624
1246,0,NA,NA,NA,NA,NA,NA
1247,1,32.8426231086677,1.28429955982211,0.015983998411612,0.79619261795003,0.0554707274976408,-0.371055176946366
1248,1,28.8507118294233,0.899446326465382,0.0207929473583432,0.808612161396899,0.0424311026269391,-0.284429450864103
1249,0,NA,NA,NA,NA,NA,NA
1250,1,22.0323749669214,0.992979129486744,0.0270468174707755,0.8488683537777,0.076828748347667,-0.267410275458077
1251,0,NA,NA,NA,NA,NA,NA
1252,0,NA,NA,NA,NA,NA,NA
1253,0,NA,NA,NA,NA,NA,NA
1254,1,28.5214885126398,1.30284673556426,0.0206209062511364,0.835541109181062,0.059085329083469,-0.345968494073933
1255,0,NA,NA,NA,NA,NA,NA
1256,0,NA,NA,NA,NA,NA,NA
1257,0,NA,NA,NA,NA,NA,NA
1258,1,31.74691141272,1.1181689091374,0.0162945544839304,0.785425315744598,0.0641798766114433,-0.371959601091068
1259,1,24.9250886488753,0.84842349330961,0.0240493640501956,0.819499338874478,0.0750328053846819,-0.314485107784249
1260,0,NA,NA,NA,NA,NA,NA
1261,1,24.5439660675203,0.697781057935922,0.0180846534708995,0.764947961554388,0.103728315560431,-0.234254407966602
1262,1,27.076144996839,0.9133549134391,0.0185546317079204,0.790385247952939,0.0704211103709411,-0.288404082104477
1263,0,NA,NA,NA,NA,NA,NA
1264,0,NA,NA,NA,NA,NA,NA
1265,1,26.1671266143775,1.23368994589932,0.0203206538721874,0.825702339480045,0.0714495461620792,-0.324035976252534
1266,1,27.5070365592821,0.814132875918115,0.0170229393786998,0.763091539862816,0.0958781678678703,-0.340611671154205
1267,1,35.5428846336455,-0.810847908463558,0.0157601177179465,0.741793455579132,0.0612259916045483,-0.349438861743862
1268,1,20.796962671829,0.112512661738543,0.0339925725737353,0.847522560861235,0.0843560516024891,-0.232326153075394
1269,0,NA,NA,NA,NA,NA,NA
1270,0,NA,NA,NA,NA,NA,NA
1271,1,28.4698101838672,0.152789983045947,0.0171557755592603,0.739119629344177,0.0785967669411772,-0.308188610387228
1272,0,NA,NA,NA,NA,NA,NA
1273,1,28.2119016429742,1.11792135705481,0.0239958397096829,0.852018840309984,0.0494301733049443,-0.368844231392592
1274,0,NA,NA,NA,NA,NA,NA
1275,1,35.7787229424003,1.67626504867555,0.0176256208895077,0.864585662892465,0.0500051361621882,-0.412227007986266
1276,1,29.4694346896545,1.1549959476617,0.0182640653671061,0.803961085061335,0.0598279657004895,-0.33870176161241
1277,1,29.2833840567698,1.04789498263679,0.0174441322924382,0.785666338364048,0.0760015988633454,-0.380010603222315
1278,1,31.2003552886208,0.300664100975442,0.0167721143515765,0.791944895313293,0.0785468659306688,-0.335343549396905
1279,1,32.3921806517716,1.2841501827622,0.0154360649441288,0.810918648466252,0.0850050647556646,-0.411095397756117
1280,0,NA,NA,NA,NA,NA,NA
1281,1,31.8657831569197,1.82340618729268,0.0229231585075692,0.923864675624426,0.0374455314122121,-0.417634162557821
1282,0,NA,NA,NA,NA,NA,NA
1283,1,42.8382748410066,1.80989699311693,0.0115174886668506,0.809936483805794,0.0634165130612566,-0.439608693265964
1284,0,NA,NA,NA,NA,NA,NA
1285,1,32.2340636347346,0.0270776211584679,0.0220694283168077,0.830676023807384,0.054106401322285,-0.376553444698127
1286,0,NA,NA,NA,NA,NA,NA
1287,0,NA,NA,NA,NA,NA,NA
1288,1,32.2872681775282,0.29775400663623,0.0153657314514508,0.736477543992708,0.0685055480223782,-0.337840866707401
1289,1,32.0628735912939,1.24249911566675,0.0171628854581178,0.815460733656987,0.0604531053201473,-0.379796841401311
1290,1,27.8224518010496,1.11627918972405,0.0204762062334808,0.824494355738561,0.0612071030050096,-0.293597388207314
1291,1,33.0782731184669,1.13210922873471,0.0172763675914399,0.814397795483292,0.0582234854502799,-0.385564658822255
1292,1,34.3568639381895,1.58215410700721,0.0140309791167486,0.806004740094534,0.0695925161488635,-0.39373671404459
1293,1,28.2882877538912,0.849891281869905,0.0187447206301257,0.798985465935033,0.0776007409833566,-0.330240272216782
1294,1,30.0388632348996,1.07772688831638,0.0182666991699649,0.809728755400783,0.05630954302943,-0.336482554391898
1295,1,33.0728888953917,0.129096202912946,0.0190322491135653,0.796118230040559,0.0527092849694559,-0.372002346964534
1296,1,30.453971517374,0.993474893792873,0.018820211655572,0.803211731921087,0.0640075364144349,-0.390908451111736
1297,1,24.5245929203831,0.200035786662158,0.0200854597768109,0.694323558109818,0.0720558485593034,-0.20467431679223
1298,0,NA,NA,NA,NA,NA,NA
1299,0,NA,NA,NA,NA,NA,NA
1300,1,31.4618768194555,1.11732051084976,0.017018588458044,0.800429455385912,0.0711490163929846,-0.37753792648754
1301,1,44.1992377238097,2.72035069694462,0.0176557999912752,0.894426299899487,-0.00830978117471279,-0.557406535718696
1302,0,NA,NA,NA,NA,NA,NA
1303,0,NA,NA,NA,NA,NA,NA
1304,0,NA,NA,NA,NA,NA,NA
1305,1,36.6553683220177,2.17678640406387,0.0162877606114737,0.859207126756955,0.0395510711901305,-0.408595498010067
1306,1,39.4490426384223,0.510146637609866,0.017309454791103,0.83594988666641,0.0267044144746904,-0.435403162195576
1307,0,NA,NA,NA,NA,NA,NA
1308,1,28.599807704333,1.30610231296646,0.0203583252551372,0.835619142660083,0.0479438694322004,-0.309539266182956
1309,0,NA,NA,NA,NA,NA,NA
1310,1,28.9281726856667,1.3347058920292,0.0156246460434389,0.78657069286004,0.0770679725704815,-0.326143658407655
1311,1,27.1823087287416,1.20705057735639,0.014775537925616,0.736002833142028,0.0884458945552092,-0.309844114479284
1312,1,27.2159596755239,1.07251210397757,0.0211689218032541,0.828264262633275,0.059391511256551,-0.296397751046045
1313,0,NA,NA,NA,NA,NA,NA
1314,0,NA,NA,NA,NA,NA,NA
1315,0,NA,NA,NA,NA,NA,NA
1316,1,53.3920933624533,0.563388250119637,0.0137860508514624,0.858306435446023,0.0234444309046885,-0.509754738023613
1317,1,34.7287953816273,1.38523355328174,0.013638046628085,0.808927443550523,0.0790041512427912,-0.322405498785263
1318,1,34.5605558394859,0.37505455019724,0.0183942096620167,0.789103429225882,0.037891229659218,-0.352807844372397
1319,1,42.2951408826412,1.07500431439329,0.0135238316578622,0.795944862573998,0.0289943579451253,-0.442367085834846
1320,0,NA,NA,NA,NA,NA,NA
1321,1,34.7775265932779,-1.08311363288069,0.0221620381329304,0.805177462715508,0.0607266625397291,-0.399448526205324
1322,1,43.9527095833008,-1.19876472912675,0.0167832464201393,0.819296356443888,0.0368444976676461,-0.452420426648111
1323,1,40.2516897510866,0.461359242873129,0.0149868466340757,0.811151086855614,0.0498234290503827,-0.399465453163697
1324,1,34.1694739385236,1.65973856502733,0.013059411130871,0.80373650876412,0.0911287287698701,-0.39007130097312
1325,0,NA,NA,NA,NA,NA,NA
1326,0,NA,NA,NA,NA,NA,NA
1327,1,28.3087223188812,1.23158664396337,0.0167472615846223,0.786461419383657,0.0797739837656518,-0.335614070868299
1328,1,23.9367912865639,0.789705177416744,0.0200315411583911,0.750188515776371,0.0833775311282663,-0.300032953982168
1329,0,NA,NA,NA,NA,NA,NA
1330,1,30.7074565184372,1.1855281820418,0.0165996261200052,0.80830562114091,0.0699340525456959,-0.345475949764412
1331,1,29.9984598374055,0.279823353247941,0.0178245911313798,0.769613744748659,0.0657850393875904,-0.329878936358004
1332,1,20.9889837350521,0.589124553181493,0.0219879995430138,0.757137241416328,0.105889393259106,-0.190026656166293
1333,1,30.3761812370245,1.1129199909174,0.0193990809616688,0.797141182639394,0.0557255161533314,-0.365505205620383
1334,1,35.1493974970329,0.0533706161126803,0.0157508098822034,0.791002190797246,0.0598497015851584,-0.337303427188157
1335,1,26.9273483416783,1.34294505649199,0.0219847894043216,0.86316816127943,0.0627874907683543,-0.354480069946944
1336,1,27.8069633736259,0.832629716962121,0.0180513027641453,0.777866458998439,0.0992210267084161,-0.345495224644254
1337,0,NA,NA,NA,NA,NA,NA
1338,0,NA,NA,NA,NA,NA,NA
1339,1,43.8198999513803,2.96399450327161,0.0148787095548696,0.883716671851763,0.0204235560045415,-0.453519421264606
1340,0,NA,NA,NA,NA,NA,NA
1341,1,28.9796844515147,1.35136993498598,0.0182160635950108,0.812380831354382,0.070455087212953,-0.367205350376243
1342,0,NA,NA,NA,NA,NA,NA
1343,1,30.8188844625748,1.04013088249648,0.0182716841318625,0.795906154217385,0.0495618600246444,-0.346887905895058
1344,1,29.8450211539164,1.06321069678491,0.0195537335147739,0.827755469193089,0.06447589723898,-0.375769506318545
1345,1,31.5735812320426,-1.33410966735824,0.0246176111363259,0.805451275454424,0.060671334744842,-0.342745009939795
1346,1,26.7295468813725,1.36824098308648,0.0227002778710496,0.880474004690235,0.0697194051704075,-0.32011850743016
1347,1,27.5119319434955,1.20541686559847,0.0191293769520613,0.825120300567817,0.0818858289845135,-0.294550235855795
1348,1,31.3636003588887,0.957212176787451,0.0178771540605469,0.796235068826642,0.0769433164941359,-0.389049186753402
1349,0,NA,NA,NA,NA,NA,NA
1350,1,19.5983287726576,0.201720600090674,0.0234559319506631,0.710738030165771,0.101073165431947,-0.169397228025749
1351,1,25.9196178357177,1.02461688513864,0.0210598239227955,0.824025486594201,0.0774915368365353,-0.341940922269649
1352,1,28.9171714114444,1.38222915474274,0.0215114901270743,0.847747335574875,0.0566259951526299,-0.398748614625116
1353,1,36.1122557279728,1.84984094577507,0.0177724670435166,0.851434259874949,0.0314892826329009,-0.453865707339559
1354,1,63.0787030019182,0.344619332839209,0.0159222938485862,0.884952240698115,-0.0536624794561614,-0.549398502265287
1355,0,NA,NA,NA,NA,NA,NA
1356,1,20.4820538671798,0.586308739525554,0.0236748619473999,0.779976872674827,0.108651957721903,-0.199700501886564
1357,1,28.0038800218294,1.38516562019036,0.0207375238938149,0.830818348509715,0.0533246486383035,-0.374494351698389
1358,0,NA,NA,NA,NA,NA,NA
1359,0,NA,NA,NA,NA,NA,NA
1360,1,30.7053943069593,1.13817837964379,0.0193549368849372,0.821175972322639,0.0462766151579637,-0.367126662966233
1361,1,30.4215333038839,1.48452870286221,0.0190471007844772,0.847013031477608,0.053795276894297,-0.372141133333551
1362,0,NA,NA,NA,NA,NA,NA
1363,1,30.7467128499905,0.954250312067575,0.0158739248605856,0.789926028707806,0.0798910802529426,-0.349559937374495
1364,1,33.3323789172997,1.90150597398202,0.017422703009429,0.878771920263431,0.0560217638802654,-0.399684896949784
1365,0,NA,NA,NA,NA,NA,NA
1366,1,23.4936375345841,0.578502407361454,0.0179022981418655,0.725379907477722,0.103037509214882,-0.249770687799318
1367,0,NA,NA,NA,NA,NA,NA
1368,0,NA,NA,NA,NA,NA,NA
1369,1,31.6845632291024,1.4961357951386,0.0191566807483938,0.848979834833404,0.0578860602992468,-0.40923611112862
1370,1,29.4117013242279,0.25983921760944,0.0171622424372355,0.755000666837476,0.0827084349464236,-0.306693182278529
1371,0,NA,NA,NA,NA,NA,NA
1372,1,25.1826847504871,-0.917118537854212,0.0261215179107222,0.767752371220245,0.0827647548502983,-0.235974434585226
1373,1,25.8969853864329,0.299489471198593,0.0157643566207037,0.70926307492659,0.109625599375694,-0.295493240064126
1374,1,33.8132822803023,0.917824734821238,0.0140284757011407,0.792255112005981,0.0921627605628496,-0.390279082861081
1375,0,NA,NA,NA,NA,NA,NA
1376,0,NA,NA,NA,NA,NA,NA
1377,1,38.0962160152127,-1.11573764133002,0.0163102717129191,0.77702833843,0.0616324501925106,-0.40555066967851
1378,1,26.9597156163188,1.05608573179695,0.0255459733488618,0.838772728870631,0.0500367002159901,-0.329135960440274
1379,1,26.9321572792958,1.00743203403213,0.016993445692772,0.77181432064965,0.0791009728951697,-0.301424771059966
1380,1,40.5751052244277,0.907546827429717,0.0163016958491916,0.832679068789187,0.0265319923553487,-0.458002085032234
1381,1,25.8538183299759,1.18877010377114,0.02427962987589,0.835714093932363,0.0530930323631282,-0.349777444313353
1382,0,NA,NA,NA,NA,NA,NA
1383,0,NA,NA,NA,NA,NA,NA
1384,1,29.4142303299815,-0.133240468524251,0.0229100998661879,0.817221852213383,0.0688430179617922,-0.320211466920315
1385,1,31.5559726996967,1.54450416152188,0.0172126189229115,0.816873581030643,0.051352484647239,-0.400483963544075
1386,1,42.6006302799033,2.67063546445768,0.016565336566553,0.894132421443965,0.0239682215049511,-0.499186330318812
1387,0,NA,NA,NA,NA,NA,NA
1388,1,29.6567155433896,0.344473095195135,0.0180532904035991,0.753517395072563,0.057500770481142,-0.305756230808571
1389,1,36.4298927856263,0.318992597700632,0.0170056560118797,0.801874734791281,0.0520878597197974,-0.405624317725423
1390,1,44.7385565690031,-0.994697529664982,0.0134577557473365,0.796684443209323,0.0719487827890985,-0.452045891674482
1391,1,29.9508081574519,1.38229295924753,0.0169760985878812,0.827139955121454,0.0713312525366134,-0.380940056658944
1392,1,26.9663165042797,1.08710395572985,0.024817310966604,0.844234762238233,0.0558668575853179,-0.356974511832389
1393,0,NA,NA,NA,NA,NA,NA
1394,0,NA,NA,NA,NA,NA,NA
1395,1,26.4725866888043,1.34595989154176,0.020598745209436,0.831757094159431,0.0646086320716199,-0.31092021083201
1396,1,31.4974149158676,1.4580026792763,0.0146956258266892,0.781578051356277,0.057606229477488,-0.33426175508915
1397,0,NA,NA,NA,NA,NA,NA
1398,1,45.111074583476,1.77751022565361,0.0125571333955293,0.806376021188131,0.0194988813557181,-0.429630010138503
1399,1,22.8894914280448,0.0880591103590429,0.0242061377996766,0.739882688344165,0.0866318999428804,-0.263510290965466
1400,0,NA,NA,NA,NA,NA,NA
1401,0,NA,NA,NA,NA,NA,NA
1402,0,NA,NA,NA,NA,NA,NA
1403,0,NA,NA,NA,NA,NA,NA
1404,1,30.9232287152472,0.3059300458988,0.0171588196213222,0.766858399003154,0.0608013392520559,-0.332842424179004
1405,1,26.4340415281657,0.839138100325963,0.0240273373941246,0.837706889155664,0.0808992645286136,-0.307708216037024
1406,0,NA,NA,NA,NA,NA,NA
1407,1,27.8445865526266,0.302735573887985,0.0178792853334396,0.753492182855697,0.0785405028224246,-0.272088413248037
1408,1,27.8790377865111,0.168228410680514,0.0221199418214634,0.774682227086479,0.0518538525052646,-0.299565590785277
1409,0,NA,NA,NA,NA,NA,NA
1410,0,NA,NA,NA,NA,NA,NA
1411,1,38.3922863235015,-1.15866549909363,0.0166932328825015,0.798660114260088,0.0611757976537531,-0.431659143487599
1412,0,NA,NA,NA,NA,NA,NA
1413,1,26.3591844597066,1.23117127729587,0.01891884811646,0.808059087539606,0.0731887267988634,-0.311597900114973
1414,0,NA,NA,NA,NA,NA,NA
1415,1,34.8117546934491,0.917407755493144,0.0151142940226517,0.790706956368042,0.067004916896417,-0.361521962352513
1416,0,NA,NA,NA,NA,NA,NA
1417,1,30.550312699551,1.4450017407479,0.0186616492031246,0.834718710688826,0.053205925227675,-0.364392415537857
1418,0,NA,NA,NA,NA,NA,NA
1419,1,31.8189668135886,2.12436805095836,0.0206575838746331,0.909425121202352,0.0317931058612754,-0.372121636204713
1420,0,NA,NA,NA,NA,NA,NA
1421,0,NA,NA,NA,NA,NA,NA
1422,1,26.1387745587177,0.904149653178725,0.0257731749203722,0.847583838927696,0.0589703511606268,-0.356392523449272
1423,0,NA,NA,NA,NA,NA,NA
1424,1,22.3729272058043,0.70688257285242,0.0195694590981857,0.739644481176409,0.0795418426676389,-0.184807524994769
1425,0,NA,NA,NA,NA,NA,NA
1426,1,28.087775929465,0.244044854870096,0.023312288308691,0.78264240727063,0.0571850968614452,-0.332968585289205
1427,1,28.0960645474761,1.17206236035697,0.0216920220381551,0.827294811828024,0.0541402988951069,-0.37349318343211
1428,0,NA,NA,NA,NA,NA,NA
1429,1,20.7303459289765,0.520984494781355,0.0268079929444411,0.778296370122009,0.0901660585884823,-0.248974048171432
1430,1,25.9858191225184,0.860103423872468,0.0179355182153014,0.771398669894273,0.0742208659695145,-0.256491600817327
1431,1,35.0653953700603,1.11030176895343,0.01511808754725,0.813876686408386,0.0763757051905867,-0.431000437319408
1432,0,NA,NA,NA,NA,NA,NA
1433,0,NA,NA,NA,NA,NA,NA
1434,1,37.0751402334643,0.341910936051143,0.0159395621705376,0.818260358936317,0.0518148852623851,-0.37357358467313
1435,1,37.1714508587563,-0.772412781927208,0.0143799373223504,0.768371086145514,0.0829253323821384,-0.386927979088042
1436,1,40.3918593415019,1.41176878832851,0.0135294024376304,0.823573429630239,0.0482665012889586,-0.408476154674752
1437,0,NA,NA,NA,NA,NA,NA
1438,1,30.1315677228518,1.23556923152332,0.0176562853134493,0.803880017859137,0.0725125726172158,-0.401721054210133
1439,1,34.5682570211182,0.138490513053416,0.0141662418090582,0.760745771494198,0.0798669399840354,-0.428170624231352
1440,0,NA,NA,NA,NA,NA,NA
1441,1,27.7321102018237,0.129742698000755,0.0203468500959546,0.765857930501497,0.0642269201075198,-0.295509595096598
1442,1,32.4502049363686,0.483935770606227,0.0157463825091251,0.797816087182987,0.0720052494699541,-0.326271120308468
1443,0,NA,NA,NA,NA,NA,NA
1444,1,30.0800124777301,0.279672343143179,0.0180028348395881,0.756930462694639,0.0565886272062932,-0.298382659522019
1445,1,37.7834970309884,-0.770345197687014,0.0188105887243843,0.806123097122123,0.0630612035197121,-0.373442164275986
1446,1,39.1514417215253,1.68146631329695,0.015588921924091,0.842650641005572,0.0267860586233067,-0.414531356482635
1447,1,36.2578836567959,1.59161754487779,0.0168034224571349,0.838676883517693,0.055828376876484,-0.461534549162363
1448,1,33.97462184142,-0.454108072494304,0.0167469126755843,0.765668068531194,0.0717813014411452,-0.352950873427045
1449,0,NA,NA,NA,NA,NA,NA
1450,1,31.2215261388331,0.37051838141463,0.0218597782279076,0.824002835018453,0.0465651896761267,-0.349365484361292
1451,1,35.4394713217628,0.0186110324398666,0.0165534804223002,0.791778567557495,0.0769120048232377,-0.404339146620197
1452,0,NA,NA,NA,NA,NA,NA
1453,1,23.9635119275001,0.939315823461804,0.0223051341005218,0.812783354044793,0.0729811730913461,-0.284258529890604
1454,1,33.7115996122712,0.0845797736744978,0.0193078315468359,0.820617015715082,0.065471430235094,-0.383258590650641
1455,0,NA,NA,NA,NA,NA,NA
1456,0,NA,NA,NA,NA,NA,NA
1457,1,24.3066154495907,0.699490519041255,0.0224244515264544,0.771033839021004,0.0761255564091995,-0.28741546177679
1458,1,23.4482176978134,0.824010670088203,0.0190911376084637,0.767013431366636,0.102389194715951,-0.26364273517283
1459,0,NA,NA,NA,NA,NA,NA
1460,0,NA,NA,NA,NA,NA,NA
1461,0,NA,NA,NA,NA,NA,NA
1462,1,44.0797886620643,2.71090771363592,0.0141712360320769,0.850463166831303,0.0194833419510539,-0.502762658141883
1463,1,33.9000798062421,1.24598844538215,0.0174010990481611,0.822387719919407,0.0538431788190148,-0.375719956821752
1464,1,36.3507288752348,1.58867707404549,0.0185084760969056,0.858123716526716,0.0218744927823595,-0.39413917893049
1465,0,NA,NA,NA,NA,NA,NA
1466,1,33.9971488603721,0.19588509709556,0.0160217435256181,0.776469155653482,0.0723133581766577,-0.369431341313535
1467,1,33.4577244055166,1.31265107286624,0.0156214269346776,0.813827425595949,0.0731692970080743,-0.392590385112306
1468,0,NA,NA,NA,NA,NA,NA
1469,0,NA,NA,NA,NA,NA,NA
1470,0,NA,NA,NA,NA,NA,NA
1471,1,34.1263574541712,1.27299694771805,0.0175780642132575,0.837406104645983,0.0566282549372503,-0.415944496098634
1472,1,45.6413913557149,0.286317532937175,0.0147467195659587,0.844813264523978,0.0238196630913553,-0.473904044886716
1473,1,25.6998169660826,0.929297210689643,0.020237902779935,0.811509032674525,0.0824529862349893,-0.305485591615794
1474,1,30.7757974977262,0.929637100671797,0.0183785990401844,0.814725619061269,0.0630932918420134,-0.362834442060172
1475,0,NA,NA,NA,NA,NA,NA
1476,1,44.5124822033493,2.62574887949497,0.0119721983649535,0.841413240950762,0.0501197176528303,-0.477599650836406
1477,0,NA,NA,NA,NA,NA,NA
1478,1,24.6164540547928,0.917141895124006,0.0255665372255667,0.821736368356494,0.0660709884323626,-0.321083311241717
1479,1,29.714274858852,1.57162623887508,0.0203576264541126,0.836542170143107,0.0343134036866891,-0.330321205282358
1480,1,38.7336809405261,1.34988978857767,0.0132805453220355,0.793757875048434,0.0640718144875237,-0.439829597845059
1481,1,26.7261367657996,1.12110650167535,0.0178324824137277,0.802861861175414,0.0857228138002928,-0.332150615627803
1482,1,29.6924620342769,0.321364576659506,0.017980783030503,0.730663005094019,0.0519217959971677,-0.323874672735078
1483,0,NA,NA,NA,NA,NA,NA
1484,0,NA,NA,NA,NA,NA,NA
1485,1,42.3224887634603,1.93089150459873,0.0122727717864513,0.788384062061898,0.0408941725868803,-0.430513793227053
1486,1,29.5049046745641,1.10528465621207,0.0154457553875049,0.77836119208645,0.0876799894691558,-0.354448493653761
1487,1,29.3251046397723,1.18680623480633,0.0166395709147258,0.784036929751111,0.0738711843444003,-0.344127888938024
1488,0,NA,NA,NA,NA,NA,NA
1489,1,35.8507033628041,1.84486578591678,0.0159666341176271,0.864226468367321,0.0622369780777536,-0.418808648367601
1490,1,32.506699685944,1.76950897509447,0.0160713878170568,0.820995762480627,0.0456717667440264,-0.357627272395293
1491,0,NA,NA,NA,NA,NA,NA
1492,0,NA,NA,NA,NA,NA,NA
1493,0,NA,NA,NA,NA,NA,NA
1494,1,27.8701394129185,0.849805347633343,0.0207444770456064,0.786056515611171,0.0629577455519912,-0.343342223377416
1495,0,NA,NA,NA,NA,NA,NA
1496,1,27.2190754030155,0.673301405906414,0.0240569932303262,0.823120997198655,0.0644101371644065,-0.312056919848779
1497,1,23.2690877999429,0.671862816096766,0.0242703099283985,0.798084398224919,0.0863485652854245,-0.295211368542105
1498,0,NA,NA,NA,NA,NA,NA
1499,1,32.3316678887999,1.19149511240106,0.0173256713022311,0.804462442992695,0.0566680621506298,-0.376277935762218
1500,0,NA,NA,NA,NA,NA,NA
1501,1,26.1781670115274,1.09619056069642,0.0213910396775693,0.800454657516581,0.0581100798543521,-0.333061074159185
1502,0,NA,NA,NA,NA,NA,NA
1503,1,36.1041700977638,-0.706508883051575,0.0177006792315754,0.760464411595204,0.0677618673350165,-0.369627212893542
1504,1,36.564155579594,-1.11210577166911,0.0167307326907815,0.758648921321542,0.0750761307136824,-0.370905900072544
1505,1,36.0744821245324,1.72882835585366,0.0154546311935849,0.820193033853155,0.0461660266230043,-0.431703767671202
1506,0,NA,NA,NA,NA,NA,NA
1507,1,30.5712347588267,0.0770442745331311,0.0200064534984993,0.809368004661992,0.0734357512127469,-0.341383095518429
1508,0,NA,NA,NA,NA,NA,NA
1509,0,NA,NA,NA,NA,NA,NA
1510,1,31.510408945826,1.93708679101426,0.0216060145874104,0.883117429951861,0.0183570641102747,-0.381565270926252
1511,0,NA,NA,NA,NA,NA,NA
1512,1,31.2915631512397,1.47540420326109,0.0147901588250653,0.786764895745542,0.0653874858256951,-0.346392109685481
1513,0,NA,NA,NA,NA,NA,NA
1514,1,21.8887510303089,0.258465546012205,0.0253060683306138,0.745334618825111,0.0817323213265439,-0.193658626054101
1515,0,NA,NA,NA,NA,NA,NA
1516,1,41.9630979087583,2.35103761749009,0.016390914109719,0.878386556595213,0.0218059401987587,-0.470932602752584
1517,0,NA,NA,NA,NA,NA,NA
1518,0,NA,NA,NA,NA,NA,NA
1519,1,24.9448258134448,0.643312326885701,0.0167964300467479,0.741341971836037,0.105140353355398,-0.274890172877278
1520,0,NA,NA,NA,NA,NA,NA
1521,1,26.4361615241151,0.934736503357511,0.0208890887722231,0.80320525484862,0.0692136726327139,-0.326999358630009
1522,1,30.9661622146828,-0.193099340261566,0.0209765497802307,0.811325989223751,0.0639703328531273,-0.330507781712945
1523,0,NA,NA,NA,NA,NA,NA
1524,0,NA,NA,NA,NA,NA,NA
1525,0,NA,NA,NA,NA,NA,NA
1526,1,25.6357125928398,0.870496439104836,0.0188560828098101,0.759465352017473,0.0617479353495172,-0.251704158102684
1527,0,NA,NA,NA,NA,NA,NA
1528,1,28.4993215296545,1.32597613133773,0.0182803401638747,0.825165954320771,0.0642734139179617,-0.310646019940164
1529,0,NA,NA,NA,NA,NA,NA
1530,1,23.7395297474914,0.529586877368978,0.0238815514449199,0.796132375100695,0.0969396896954247,-0.303623975391739
1531,1,23.7769818509273,0.863148184775752,0.0221579572817506,0.806437965570356,0.0829043211690761,-0.279708355806234
1532,1,27.2270000409745,1.26063878055919,0.0173941597645864,0.815701799536765,0.076379555899216,-0.310123152949443
1533,1,33.5587914622622,0.107455962171203,0.0171578987259312,0.787155860659418,0.0789737800075669,-0.370736479184022
1534,1,24.4297401970129,0.309497652859961,0.0236646699613973,0.760073546918196,0.0700575017023021,-0.274362537414718
1535,1,29.6553094645753,0.952800961483072,0.0169509319493507,0.790793881818625,0.084490295181989,-0.34174160893917
1536,1,19.918505413843,0.11464038200792,0.0276912378088633,0.694972629855953,0.0981764857153631,-0.210613877677375
1537,0,NA,NA,NA,NA,NA,NA
1538,1,31.9749692176499,1.30898444413417,0.0169269485138268,0.798800070278696,0.049909999607559,-0.365729851170656
1539,0,NA,NA,NA,NA,NA,NA
1540,1,23.7129900698435,0.760629253660389,0.0236995778570243,0.775393652138429,0.0673697391038505,-0.275219331503767
1541,0,NA,NA,NA,NA,NA,NA
1542,1,29.28659526447,0.858152736346116,0.014654977788194,0.762091826419475,0.0927314651001803,-0.286016437325528
1543,1,33.2149212884566,1.25454358308525,0.017504943995674,0.821178338857272,0.056885106375106,-0.392460250045695
1544,0,NA,NA,NA,NA,NA,NA
1545,0,NA,NA,NA,NA,NA,NA
1546,0,NA,NA,NA,NA,NA,NA
1547,0,NA,NA,NA,NA,NA,NA
1548,1,31.7178051646971,-1.11704374602371,0.0220155638848326,0.80736833377887,0.0845022542948819,-0.355086768130362
1549,1,35.256557346877,-0.512293088213308,0.0159248520141099,0.779027275619837,0.0705679526979443,-0.365048479926174
1550,0,NA,NA,NA,NA,NA,NA
1551,0,NA,NA,NA,NA,NA,NA
1552,0,NA,NA,NA,NA,NA,NA
1553,1,26.6780513554221,0.959672337078041,0.0273970043841394,0.873181994239204,0.0482743754095849,-0.372011237505638
1554,1,35.7926745664838,1.83693618231183,0.0136312280494361,0.797735623953998,0.0656794604098173,-0.426354185616749
1555,0,NA,NA,NA,NA,NA,NA
1556,1,30.0739891625656,1.08392788468672,0.0183394802419709,0.796445700629908,0.0539664078625198,-0.362120118786174
1557,1,23.8653783716199,0.326136488554883,0.0208480539386595,0.728575383570074,0.0825025232880281,-0.257804340157971
1558,0,NA,NA,NA,NA,NA,NA
1559,0,NA,NA,NA,NA,NA,NA
1560,0,NA,NA,NA,NA,NA,NA
1561,1,21.5549645265435,0.544682333420199,0.0243786877696405,0.780222126520969,0.0938997472621507,-0.210253727870435
1562,0,NA,NA,NA,NA,NA,NA
1563,0,NA,NA,NA,NA,NA,NA
1564,1,26.1083994017955,0.549691680045554,0.0189970212067298,0.740376322664644,0.0732371995782727,-0.298638291058988
1565,1,33.1473167468148,1.19870982683764,0.017168022546287,0.824912710200817,0.0577160867652609,-0.372421715563597
1566,1,25.252551962204,0.352999851209569,0.0190947045568452,0.748071460457737,0.079292720601961,-0.237911827787145
1567,0,NA,NA,NA,NA,NA,NA
1568,1,28.0776582386444,0.894123174680002,0.0208122642549908,0.808809861623452,0.0611241273181776,-0.370352491741275
1569,0,NA,NA,NA,NA,NA,NA
1570,1,30.7306206539893,0.488322345369937,0.0170111349023634,0.768264195005755,0.0676620167386339,-0.33480075369859
1571,1,23.9942636859588,0.577989027422143,0.0177628895432975,0.728547370192476,0.104928522984557,-0.243261036622515
1572,0,NA,NA,NA,NA,NA,NA
1573,1,41.8498196099865,-1.42028637311479,0.0160692036250473,0.802795001775252,0.0589394555587319,-0.416392199019836
1574,1,20.1919600447154,0.766555163492659,0.0241825780977665,0.787992675756402,0.0954818757334403,-0.247544954204206
1575,1,25.7550551265642,1.00528334278639,0.0200015620887315,0.806309176256169,0.0891521259501848,-0.290572472438318
1576,1,33.2079361562863,-1.11702620816927,0.0201350447224307,0.769274048435051,0.0627531400015691,-0.343095426939136
1577,0,NA,NA,NA,NA,NA,NA
1578,1,35.1177315101965,0.521164613182257,0.0186228241971576,0.812009097827252,0.043437578840149,-0.394806445421787
1579,1,24.1441396258721,0.764453453317612,0.0250187663744996,0.825281691714117,0.0805802741980343,-0.301859195161385
1580,0,NA,NA,NA,NA,NA,NA
1581,0,NA,NA,NA,NA,NA,NA
1582,1,26.4048839443047,0.993031966927568,0.0215300106131895,0.830973116106096,0.0792658025254553,-0.329970161694781
1583,0,NA,NA,NA,NA,NA,NA
1584,0,NA,NA,NA,NA,NA,NA
1585,1,33.6055510557066,1.20818181511248,0.0169988643028958,0.829743804326748,0.0547058308323712,-0.380092351002272
1586,1,22.4176572401535,-0.0492477170225156,0.0283286702861007,0.779370978738872,0.0827664678273744,-0.23735463400254
1587,1,44.7883541771297,0.73724986488133,0.0171570896254017,0.807157164735235,-0.0264623195012605,-0.468572067054945
1588,1,33.9004039217539,0.776545766041218,0.0159885084118479,0.783564032991249,0.0518398716403903,-0.375104511680234
1589,0,NA,NA,NA,NA,NA,NA
1590,0,NA,NA,NA,NA,NA,NA
1591,0,NA,NA,NA,NA,NA,NA
1592,1,30.8422286095705,1.34871942895986,0.0186263410239344,0.836236260547642,0.0562830058484231,-0.409125837273005
1593,0,NA,NA,NA,NA,NA,NA
1594,0,NA,NA,NA,NA,NA,NA
1595,1,26.2026246708381,1.11587722651197,0.0196084838898221,0.800999292953,0.0775194496588671,-0.341962889980563
1596,1,27.8918190869504,-1.10970222139516,0.0199908371444683,0.723437213626625,0.0962795694096138,-0.263660366240446
1597,0,NA,NA,NA,NA,NA,NA
1598,1,49.4334457573964,-0.0272106467556071,0.0178437765481843,0.865595530299297,-0.0113439020480343,-0.502898255346002
1599,1,36.0165894278382,1.95128096366924,0.0137975176515249,0.828022281221424,0.072573849805371,-0.394568002212367
1600,0,NA,NA,NA,NA,NA,NA
1601,0,NA,NA,NA,NA,NA,NA
1602,0,NA,NA,NA,NA,NA,NA
1603,0,NA,NA,NA,NA,NA,NA
1604,1,33.4137691773307,0.843192356918315,0.0160487340079619,0.794742518766965,0.0777178066443545,-0.423832968554438
1605,0,NA,NA,NA,NA,NA,NA
1606,0,NA,NA,NA,NA,NA,NA
1607,1,29.4684392157872,0.333964584989103,0.0178276604304634,0.767684677047164,0.0604765143191951,-0.301185474455228
1608,1,27.1358246020857,0.969719358438229,0.0226037960817249,0.832487942230549,0.0577882778970062,-0.368024957109906
1609,0,NA,NA,NA,NA,NA,NA
1610,1,34.930358233383,1.15866482992994,0.0163664855514225,0.830157114149867,0.0560454160183986,-0.377674544932161
1611,1,30.2622814230217,1.29069198827762,0.0180823597881036,0.840584059385039,0.0738626668544477,-0.384212167106316
1612,1,30.3926643198104,1.34857234332072,0.0155418484038745,0.782120740172017,0.0672552810184873,-0.340226292510361
1613,1,37.74546413948,1.40656804908164,0.0120061634410626,0.773133455799453,0.0814954437784908,-0.446255014359675
1614,1,25.557491193347,1.22682964110796,0.0274803484316697,0.879183385334496,0.0454577433475434,-0.350017329543956
1615,0,NA,NA,NA,NA,NA,NA
1616,1,32.904284212955,-1.41494026253412,0.0217157743874959,0.804463947675859,0.0737635278599292,-0.387996999907129
1617,1,21.4054035052923,0.612356355099495,0.0198421141805462,0.71318369786477,0.110678674587189,-0.252036441436173
1618,1,41.1311540108075,0.0890874009229635,0.0142578028962686,0.803851616144444,0.0670051776996921,-0.43789068645561
1619,0,NA,NA,NA,NA,NA,NA
1620,1,35.4033963194687,0.275989490989,0.0152545436713484,0.774467467109997,0.0676493434468569,-0.376727758473569
1621,1,37.0149867776079,1.6993571748018,0.0164336515952889,0.858223628317247,0.051444690412293,-0.402233973859475
1622,1,30.7449273998585,1.09080192876273,0.0172743519416643,0.79411240940845,0.0612970042987921,-0.374210706296938
1623,0,NA,NA,NA,NA,NA,NA
1624,1,41.8471957775653,0.692792209349176,0.0166884554949283,0.818210906131999,0.0268046714782563,-0.473194145041245
1625,0,NA,NA,NA,NA,NA,NA
1626,1,31.4829297837372,1.72055334789646,0.019018206689014,0.858404989384062,0.0521355207672698,-0.378962539955263
1627,1,28.8837763141766,1.06480131632769,0.020190374145416,0.805930372584532,0.0549165545092011,-0.340386759135608
1628,0,NA,NA,NA,NA,NA,NA
1629,1,30.0063174067846,0.236953624926911,0.0227090351514649,0.818855546724058,0.0486709583430089,-0.318145835405049
1630,1,33.5946848629734,1.13789293602715,0.0109180088148296,0.745062059280253,0.104438683012584,-0.343178638535448
1631,0,NA,NA,NA,NA,NA,NA
1632,1,34.7447074815328,1.58572841684554,0.015361010328803,0.821102063031681,0.0731971860956002,-0.402541596175813
1633,1,35.6135866889935,1.92330570016136,0.0170820632625614,0.872474316006405,0.0520011431730179,-0.454901145048101
1634,1,31.4973093070925,1.11364118571289,0.0227598958263577,0.858803885129993,0.0474407079479656,-0.419671988734322
1635,1,32.2355632312231,1.10884954660238,0.0164037968271991,0.781664607908934,0.0676105662434567,-0.38983466023839
1636,0,NA,NA,NA,NA,NA,NA
1637,1,29.0661360418692,0.92440058098946,0.0176215639879226,0.789651359591799,0.0700872851061795,-0.326917913508153
1638,1,23.8251874465182,0.622828973086691,0.0250628642113363,0.808041222264815,0.0840084599447242,-0.289693440473369
1639,1,35.9942583895182,0.797291907367951,0.0139805215389277,0.764260158937995,0.0603705090783398,-0.393289103255105
1640,0,NA,NA,NA,NA,NA,NA
1641,1,51.4671030422507,2.38603437645401,0.0110647498644795,0.830268294863857,0.0243786098998831,-0.464166799487682
1642,1,26.8084132545352,1.15539377841899,0.0202266163438159,0.824198084561043,0.069204544668355,-0.334036958554541
1643,1,25.6092022398886,0.766700914829648,0.0220346663142524,0.806586461569634,0.07285703146014,-0.306780155614349
1644,0,NA,NA,NA,NA,NA,NA
1645,1,35.4544653730679,2.03633123580776,0.016017076539919,0.842807786126476,0.0453523181488285,-0.461981603046521
1646,1,38.369035909377,0.573059007763307,0.0136182063125885,0.779764418280844,0.0635977915911409,-0.38116300903767
1647,1,27.2240656417335,1.08404653271889,0.0248197500116904,0.84128488512563,0.0415343475340623,-0.386740003159381
1648,1,34.793136634626,1.37453170430316,0.0175480000651779,0.836992000299555,0.0464736754803314,-0.386294046539586
1649,0,NA,NA,NA,NA,NA,NA
1650,1,31.4535476209312,0.362865829799526,0.0175759676013021,0.780231917590521,0.0613240799097037,-0.317156886937083
1651,0,NA,NA,NA,NA,NA,NA
1652,0,NA,NA,NA,NA,NA,NA
1653,1,27.5269856957491,0.762702056401923,0.018707170235939,0.797340678236527,0.0774261604983679,-0.295586696560793
1654,1,26.0015087028886,1.22643904241775,0.0206577883390765,0.83365175760866,0.0736982755592917,-0.297102697377113
1655,0,NA,NA,NA,NA,NA,NA
1656,1,27.2961585012268,1.21316069315487,0.0178565231959122,0.797606155701736,0.0780880458734125,-0.330364924656834
1657,1,31.7856520291884,1.38460347745192,0.0159478793419,0.808323702222137,0.0773849813266855,-0.338057755249551
1658,1,23.9106790631114,0.699086694773305,0.0225578855137424,0.786572296694381,0.084407307690437,-0.284142891161482
1659,1,34.2254663629266,1.93356846290697,0.0151632215183183,0.844872782320165,0.0651607602746472,-0.405273452539912
1660,1,29.1830260018281,-0.459548095939901,0.018896871452287,0.725788964590752,0.0676976634694136,-0.345251166973469
1661,1,31.8070261076978,0.906856070766509,0.0158332973258901,0.783913267412257,0.0807830653852135,-0.377749072741366
1662,0,NA,NA,NA,NA,NA,NA
1663,1,34.1716570667255,1.66288235442692,0.0177671898501615,0.844867272625924,0.0325676925877686,-0.417832834502832
1664,0,NA,NA,NA,NA,NA,NA
1665,0,NA,NA,NA,NA,NA,NA
1666,1,38.0900344350708,1.91725220373554,0.0141967528759794,0.822746864634124,0.0593557598816932,-0.442072308119097
1667,0,NA,NA,NA,NA,NA,NA
1668,1,30.5866002245097,0.936095917202214,0.0165312947064833,0.797209845682298,0.0809795864535897,-0.359326260538637
1669,1,24.4929674918871,0.706767418109589,0.0229322626076385,0.803514879323105,0.0815086234069306,-0.227535211253393
1670,1,33.0998305121991,-0.827444416222055,0.0192172810753036,0.773283383293034,0.0635397307082495,-0.372074420277319
1671,1,35.5750403859232,1.9714290547758,0.0136919578467237,0.79012029292369,0.0475993673947565,-0.387349629299623
1672,0,NA,NA,NA,NA,NA,NA
1673,0,NA,NA,NA,NA,NA,NA
1674,1,27.2800192216553,1.00551246052688,0.0186879557229972,0.793638354251968,0.0747503702800202,-0.360732097609523
1675,0,NA,NA,NA,NA,NA,NA
1676,1,26.0400163987675,0.3192525266883,0.0252241779233967,0.814801036496303,0.0494621364888109,-0.286620389698795
1677,1,35.6584451387452,1.59640294592755,0.0153422650710171,0.821215529032722,0.0587247522385096,-0.429358945198387
1678,1,36.1225199582119,2.25983934788642,0.0168545276437426,0.847208631852058,0.0204764303842728,-0.440885837276514
1679,1,31.4502561005232,1.24529863761164,0.0161560091290063,0.81241846377264,0.0805733263179545,-0.388373822632824
1680,0,NA,NA,NA,NA,NA,NA
1681,0,NA,NA,NA,NA,NA,NA
1682,1,29.0062761015484,0.506594163213557,0.0206298278715573,0.770606377616928,0.0564723750922568,-0.310342260301423
1683,1,38.763798653003,1.87428324942735,0.0167564058632903,0.876858905168043,0.044159568154701,-0.44779119336106
1684,0,NA,NA,NA,NA,NA,NA
1685,1,31.6507300718041,1.10681576579093,0.0159029994929684,0.785772648867455,0.0631847947431513,-0.364389036880072
1686,0,NA,NA,NA,NA,NA,NA
1687,1,26.9702863263519,0.259420352071852,0.0239235706734412,0.802087158204259,0.063192086700725,-0.32378857825763
1688,1,40.7621079671932,2.69463581107151,0.0173340391030913,0.893000018113467,0.0135983388595797,-0.464666123153294
1689,1,33.7677259161387,1.58636013591125,0.0155679379186655,0.814461501705385,0.0598985942909545,-0.395973614380048
1690,0,NA,NA,NA,NA,NA,NA
1691,0,NA,NA,NA,NA,NA,NA
1692,1,47.8090146373783,0.506254467847764,0.0140976063592248,0.847045592550479,0.0454333731980813,-0.487613951079065
1693,0,NA,NA,NA,NA,NA,NA
1694,0,NA,NA,NA,NA,NA,NA
1695,0,NA,NA,NA,NA,NA,NA
1696,1,37.2582024635756,2.26001167539202,0.0176100296324327,0.871096000817932,0.0200024226219378,-0.432250223138217
1697,0,NA,NA,NA,NA,NA,NA
1698,1,25.9555384688589,0.341205757557734,0.0199367083490116,0.750104252725252,0.0928797384633759,-0.309155894339014
1699,0,NA,NA,NA,NA,NA,NA
1700,0,NA,NA,NA,NA,NA,NA
1701,1,30.0851639752924,0.178273872154298,0.0241655967817486,0.827132421870492,0.0504721843998112,-0.376542785631909
1702,1,25.3755609117999,1.00151845471431,0.0219835790824128,0.802379751053638,0.0740068047076782,-0.323466098870993
1703,1,38.0439695030515,1.76623319120371,0.0155152312313441,0.839713767422182,0.0469227132371656,-0.456595139925706
1704,0,NA,NA,NA,NA,NA,NA
1705,1,30.0199477663891,0.861355080400404,0.0163850952524594,0.764244836421683,0.0698617490125208,-0.317707576996478
1706,1,27.9572884055605,1.35139579489601,0.0190503606386864,0.824877228551997,0.0655127194355516,-0.35130913712889
1707,1,21.5807659437843,0.935858077677146,0.0268200244680426,0.852898434983847,0.0784342122189787,-0.252128625709603
1708,0,NA,NA,NA,NA,NA,NA
1709,0,NA,NA,NA,NA,NA,NA
1710,1,35.173510192438,-0.000399803302242617,0.0189276613510627,0.821683889259006,0.0502308016429996,-0.377733766362097
1711,1,29.31094111909,1.25383224662837,0.016889920365526,0.807565616648643,0.0840770047505002,-0.341641900160191
1712,1,28.6321124660285,1.06754056938461,0.0263740930104138,0.854252417203229,0.0237748730986667,-0.326102974979911
1713,0,NA,NA,NA,NA,NA,NA
1714,1,20.2160068672425,0.570036779576445,0.0273702630126833,0.785113632402388,0.101566719929596,-0.246610800523363
1715,1,34.8717258251535,1.26232797141898,0.0155499262005848,0.80951303632938,0.0653564138979896,-0.409592296921202
1716,0,NA,NA,NA,NA,NA,NA
1717,1,37.3573930374353,1.40229042408956,0.0139613908009907,0.81335482634177,0.0778010943910429,-0.433798671761908
1718,1,33.1850166466419,-0.182931200032501,0.0145078096270774,0.748143674280957,0.100468138224653,-0.351237803967765
1719,1,27.165564102711,0.792961893576268,0.0191205069837574,0.785577401942786,0.0748419940965074,-0.318251580671237
1720,1,26.2225266895432,0.420916883243971,0.0239134576734591,0.807739090188853,0.0554565091143314,-0.273349997557583
1721,0,NA,NA,NA,NA,NA,NA
1722,1,28.3485580632793,0.321657852722962,0.0186227390890841,0.775617051334721,0.0813719681909967,-0.313036643657749
1723,1,22.6322907153287,0.669600606417772,0.0231142013670058,0.787260431819484,0.0908003183346835,-0.26883965181313
1724,0,NA,NA,NA,NA,NA,NA
1725,0,NA,NA,NA,NA,NA,NA
1726,1,27.4664987686224,0.848173563234437,0.0254582082325048,0.861242541134166,0.0566398753167799,-0.341723499450914
1727,0,NA,NA,NA,NA,NA,NA
1728,1,31.8749313110037,-1.62969868091359,0.0210771803318204,0.751658865423962,0.0727789835057598,-0.331654912649727
1729,1,30.6871766819083,-0.190042235284749,0.0155096147284585,0.683621150876702,0.0710866006593742,-0.247207926555598
1730,1,31.0987608196619,0.3770743286397,0.0182573631235223,0.766994316709313,0.0522255150128265,-0.361208206467111
1731,1,19.3483362254858,0.383572102140466,0.0271689473646194,0.718703045640409,0.0814632816263586,-0.169134827314646
1732,0,NA,NA,NA,NA,NA,NA
1733,0,NA,NA,NA,NA,NA,NA
1734,0,NA,NA,NA,NA,NA,NA
1735,1,37.9413373150182,1.52894342535941,0.0149460845254414,0.827641965657405,0.0615715822518996,-0.415673202249898
1736,0,NA,NA,NA,NA,NA,NA
1737,1,27.1565212113195,1.26316267372648,0.0231466097066806,0.861942265025409,0.0631162672381322,-0.362489783804174
1738,0,NA,NA,NA,NA,NA,NA
1739,1,27.9973774102785,0.871879599582619,0.0177832634478392,0.784732483773598,0.0924584917511051,-0.362880808131401
1740,0,NA,NA,NA,NA,NA,NA
1741,1,24.5256126365822,-0.772261119225618,0.0257474652011385,0.733277312761,0.0680606904663587,-0.220474441117549
1742,0,NA,NA,NA,NA,NA,NA
1743,0,NA,NA,NA,NA,NA,NA
1744,0,NA,NA,NA,NA,NA,NA
1745,1,25.4326239413748,1.02320324895688,0.0199363288302764,0.802911296322835,0.0777667021646728,-0.285341902688602
1746,0,NA,NA,NA,NA,NA,NA
1747,1,31.3815624769831,1.28371482582082,0.01736905710575,0.82909453853152,0.0658156195675813,-0.338852267986143
1748,1,29.0442314768628,0.120452695733524,0.0245759511814529,0.806192864043772,0.0443941053199524,-0.352302291779762
1749,0,NA,NA,NA,NA,NA,NA
1750,0,NA,NA,NA,NA,NA,NA
1751,1,25.6818758518264,-0.225043128043361,0.0160754532935272,0.687780421986075,0.102806580882693,-0.295670282457313
1752,1,34.4848983488318,1.71045094023683,0.0148533808542758,0.831501464680667,0.0767149061769699,-0.390846222056957
1753,0,NA,NA,NA,NA,NA,NA
1754,0,NA,NA,NA,NA,NA,NA
1755,1,21.5729461056138,0.747275465225964,0.0289937606699422,0.804754755846389,0.0582375822036997,-0.253389688809627
1756,0,NA,NA,NA,NA,NA,NA
1757,1,23.2155291218579,0.706856764929299,0.0234602352573583,0.794128036262706,0.074257567778032,-0.227367995198815
1758,1,24.4221627227272,0.811328863828695,0.0220506992874895,0.815775259415404,0.0919155436973011,-0.274427938189811
1759,1,31.0003597979687,1.01463492497423,0.0153948457445863,0.785400545298162,0.0740278492272341,-0.31901035477188
1760,1,36.1283625245823,1.53525422867449,0.0131742290930159,0.785646043934073,0.0651217682824512,-0.389957474886455
1761,1,30.5167919344569,-0.995200043359993,0.0193243163562509,0.745911574373382,0.0720033922950091,-0.310991673154787
1762,0,NA,NA,NA,NA,NA,NA
1763,1,48.7312568002516,0.171322357278723,0.0138575954330065,0.838788208374378,0.0422226155421802,-0.496428664954621
1764,1,31.4139306844432,1.34800131644815,0.018189337978023,0.822761895264025,0.062342348341592,-0.419048102402849
1765,0,NA,NA,NA,NA,NA,NA
1766,1,32.3890493549481,1.67695393273337,0.0181554738579383,0.859767070633062,0.0568357730095187,-0.379134854723827
1767,0,NA,NA,NA,NA,NA,NA
1768,1,37.7861845429085,0.463711149410991,0.0142853120610763,0.806391631765246,0.0788878903815006,-0.39357470597819
1769,1,33.8696514092838,0.125446382365499,0.0162291068693537,0.769404706936472,0.06689155238196,-0.36368610709836
1770,0,NA,NA,NA,NA,NA,NA
1771,1,28.7017133056931,1.1903890572543,0.0190966057831629,0.790456536256503,0.0608865300225703,-0.371771071002855
1772,1,26.0117445797987,0.408529375680434,0.0244064836425167,0.798946459192422,0.0619318393018045,-0.273557276165798
1773,1,30.9467450452054,1.2862764745108,0.0177979677392044,0.815892716040211,0.0735297974286097,-0.403705654529886
1774,1,22.965842033891,0.785924116257047,0.022663610443189,0.760113223093828,0.0716845625994222,-0.275327327771205
1775,0,NA,NA,NA,NA,NA,NA
1776,1,33.0367443876682,1.16409256172973,0.0173966812333818,0.831971050405358,0.0678348701828047,-0.37918996073359
1777,1,35.440467473371,1.40150816743672,0.0190296966104632,0.84878774651302,0.0332534397751506,-0.402146782790548
1778,1,33.0879043425664,0.603047329906754,0.0138392843150003,0.735069004751854,0.0795478865483225,-0.416885028124841
1779,0,NA,NA,NA,NA,NA,NA
1780,0,NA,NA,NA,NA,NA,NA
1781,0,NA,NA,NA,NA,NA,NA
1782,0,NA,NA,NA,NA,NA,NA
1783,1,47.4496441576573,0.306349568211095,0.0142131632871987,0.81132340236842,0.0246031840314254,-0.439061983766608
1784,1,30.6588077334394,0.218521081156681,0.0200383514593923,0.794962020544312,0.0486980811013482,-0.319172010085115
1785,1,23.1358499459026,0.780917515231585,0.021831659351288,0.767704867168626,0.0757501202536734,-0.246386165868703
1786,0,NA,NA,NA,NA,NA,NA
1787,1,28.8426043817074,1.36991958732373,0.023950653085709,0.862979526387154,0.0382210098574118,-0.374085977948623
1788,1,54.3903782267642,3.9742198980411,0.0128438884344983,0.920727359170311,0.0151128807241917,-0.51274172327497
1789,0,NA,NA,NA,NA,NA,NA
1790,0,NA,NA,NA,NA,NA,NA
1791,1,35.8252423159112,2.04344156739584,0.0162069346285409,0.836946282720005,0.0420035136249451,-0.444927526224013
1792,1,34.8321684458049,-0.0121092751713317,0.0131093525623618,0.746637087752546,0.0992374723664133,-0.323929310747305
1793,0,NA,NA,NA,NA,NA,NA
1794,0,NA,NA,NA,NA,NA,NA
1795,1,24.917833832909,0.856516417157543,0.0230622384633189,0.819192054787672,0.0731580688427034,-0.321668801676176
1796,0,NA,NA,NA,NA,NA,NA
1797,0,NA,NA,NA,NA,NA,NA
1798,1,36.1241179965675,1.45946545104207,0.0145278645646936,0.786494130558176,0.0458625331714047,-0.414131079960949
1799,0,NA,NA,NA,NA,NA,NA
1800,1,22.9080039161039,0.771596766656413,0.0244208064748784,0.814166467300649,0.0735431913816045,-0.258691833472781
1801,1,28.958471851516,0.462362442252305,0.0160006233173545,0.743466815859704,0.0819381954019596,-0.296721411398528
1802,1,28.308678601972,0.931994072654509,0.0203822573635737,0.810114723918339,0.0664552394508176,-0.338315703969998
1803,1,31.2498029623678,0.634253104199454,0.0165637459383512,0.750401785919415,0.053986984316987,-0.342734842572174
1804,0,NA,NA,NA,NA,NA,NA
1805,1,26.1220057800378,0.419658037337211,0.0222618934088305,0.769369284148837,0.0650694716256647,-0.295022695511162
1806,1,32.8340255567236,0.478754416552197,0.0191116672173408,0.810496965246749,0.0678503905603973,-0.410085420631429
1807,1,22.9570889805268,0.698258416523499,0.0265855695830545,0.794884011402851,0.0695584879910826,-0.280583833343069
1808,1,26.400149058877,0.839388483336465,0.0214357131111567,0.797438252512565,0.0656409436047487,-0.306328974415044
1809,0,NA,NA,NA,NA,NA,NA
1810,1,29.2563079596003,1.35513096243675,0.0197701805959771,0.839312571423411,0.0592281165394367,-0.386139424076693
1811,0,NA,NA,NA,NA,NA,NA
1812,1,36.7214762943153,2.05359383409426,0.0170617223879971,0.854577013131488,0.0349871837011933,-0.45607216473466
1813,0,NA,NA,NA,NA,NA,NA
1814,1,25.0355554490024,0.734116405807337,0.022969005933987,0.788449685974212,0.0692984627836962,-0.301328540316963
1815,1,40.0822869996864,0.119938440894853,0.0178601772086157,0.837105410485186,0.0371580393884016,-0.41553344584137
1816,0,NA,NA,NA,NA,NA,NA
1817,0,NA,NA,NA,NA,NA,NA
1818,1,41.2930211069112,-0.657978776231834,0.0184108011720011,0.827762022303069,0.03653576605791,-0.474499171454935
1819,0,NA,NA,NA,NA,NA,NA
1820,0,NA,NA,NA,NA,NA,NA
1821,1,23.7130088197288,0.644921434181987,0.018952415067294,0.754424354937174,0.101925239197118,-0.266528856680278
1822,1,34.932454589667,1.13661434662369,0.013712922048912,0.796323626973305,0.0827917806476074,-0.388334311392106
1823,1,37.6391909012562,-1.66140280346515,0.0210770807135477,0.819140421030773,0.0699599892781469,-0.415325381155745
1824,1,33.5450450656713,-0.878339489057752,0.020166847320534,0.781659392780757,0.0406195674779768,-0.347107242958128
1825,0,NA,NA,NA,NA,NA,NA
1826,0,NA,NA,NA,NA,NA,NA
1827,1,34.9310230235959,1.3009344399812,0.0151739406865011,0.804309445365519,0.0754006023117001,-0.421542002162666
1828,0,NA,NA,NA,NA,NA,NA
1829,0,NA,NA,NA,NA,NA,NA
1830,0,NA,NA,NA,NA,NA,NA
1831,0,NA,NA,NA,NA,NA,NA
1832,1,35.503515361279,1.4972976663652,0.0135604966546045,0.799840922448291,0.0718264565284225,-0.401145122959889
1833,1,35.7229881532577,0.117489669985766,0.0150409070392952,0.772988428353669,0.0658579552076118,-0.380551864995108
1834,1,25.3461084913972,-0.679900523340831,0.0225922327984728,0.737214716195034,0.0935864349946402,-0.281309895220535
1835,1,29.6368789214659,1.25267033923547,0.0172205930586004,0.790932708678734,0.0706216982790955,-0.357513107526454
1836,0,NA,NA,NA,NA,NA,NA
1837,1,53.8318940035572,4.38282005180054,0.0176758171328225,0.967316697171223,-0.0380941665513481,-0.570720216257943
1838,1,36.0149691039138,1.74647320918382,0.0155146602898363,0.808715490851448,0.0360789424185891,-0.397584337657262
1839,0,NA,NA,NA,NA,NA,NA
1840,0,NA,NA,NA,NA,NA,NA
1841,1,34.9768930248778,1.78918638477581,0.0146647333350857,0.820936647344536,0.0610955041018411,-0.402366842091562
1842,0,NA,NA,NA,NA,NA,NA
1843,1,46.4824257041829,3.43709197625145,0.0146866261353212,0.910699822273933,0.0125442422682069,-0.485752461868254
1844,1,35.6764094944745,1.64759231741823,0.0165805031478025,0.807787662269415,0.0173458977836704,-0.389346493914902
1845,1,27.7930613099548,-0.0316760887615968,0.0229330518096686,0.803648788139632,0.067747237934313,-0.297882429206136
1846,1,40.9738770432314,1.09411617830838,0.0118931288694507,0.78896748534141,0.0699077969847628,-0.414893075641668
1847,1,36.8975303644923,-1.81925511019575,0.0202682665632553,0.807787235804095,0.0754129734868454,-0.367786655079368
1848,0,NA,NA,NA,NA,NA,NA
1849,1,26.9315371705101,0.484884126637039,0.0208145708460292,0.772651807239362,0.0542053753932262,-0.231156717153695
1850,0,NA,NA,NA,NA,NA,NA
1851,1,38.5800850534034,-1.00154835008743,0.017655393973745,0.797538116666614,0.0507873796197698,-0.409468141057516
1852,0,NA,NA,NA,NA,NA,NA
1853,1,31.7883638618598,-1.15409649434501,0.0264101336191783,0.837042372921037,0.0566314279939525,-0.352223599076332
1854,1,33.7229602458009,-1.43191226897039,0.0210309481219924,0.796042018808987,0.0652228580932365,-0.352640869874037
1855,1,40.4818934802331,-1.39396454240635,0.0228654991436145,0.88033471806426,0.0340915570859212,-0.457478028256969
1856,0,NA,NA,NA,NA,NA,NA
1857,1,30.76298462159,1.21447286831689,0.0175645918593846,0.822533749411708,0.0722123086096636,-0.357622740210865
1858,0,NA,NA,NA,NA,NA,NA
1859,1,33.0978748041875,0.384000880631318,0.017889765842487,0.822950475323345,0.0703582029989293,-0.409263660531055
1860,1,36.2363984164571,1.19788570549863,0.0140116981386843,0.790781520043645,0.0706252157757197,-0.374973979728016
1861,0,NA,NA,NA,NA,NA,NA
1862,1,33.3257731795755,1.51521492903261,0.0165933009008669,0.812109585578883,0.0464793667269366,-0.383078601025335
1863,0,NA,NA,NA,NA,NA,NA
1864,0,NA,NA,NA,NA,NA,NA
1865,0,NA,NA,NA,NA,NA,NA
1866,1,28.3475391917394,0.93624551037025,0.019226630189925,0.814115169561816,0.0708016746396181,-0.3252969342936
1867,1,33.3106091132007,1.20855195607724,0.0184768258355771,0.840951385548434,0.0550382616593039,-0.375140477007275
1868,1,22.3377208943883,0.684150750856793,0.0227283952435941,0.754780576661132,0.0838004725266229,-0.247390526798244
1869,1,32.824430897501,1.52884688229871,0.0178821505840674,0.828197997904465,0.0488941784232112,-0.41040671936737
1870,1,32.3981737318417,1.76598028693028,0.021302428980231,0.884798084956977,0.0302971390511567,-0.389981720268849
1871,1,28.8818447615825,0.0907373791128328,0.0207318437183289,0.772545424629124,0.0628260102830965,-0.327329674362779
1872,1,34.3927857782156,2.12699847886201,0.0224022088431334,0.875685166466366,-0.0016626908651302,-0.43680525126493
1873,1,25.1489286747397,0.337849502425237,0.0232327418422135,0.767414382313911,0.0570870509875308,-0.249640958538561
1874,0,NA,NA,NA,NA,NA,NA
1875,1,29.8824627167523,0.982574716749168,0.0170283515085942,0.797114567035415,0.0702130829056451,-0.278445458396361
1876,1,26.0684238348768,0.866873584268425,0.0196880192499685,0.795017023401277,0.0793694074083908,-0.280176838755381
1877,1,27.8061448202967,0.987944406879329,0.0175797938216316,0.779147707051231,0.0905399159698138,-0.362039693075079
1878,1,32.9650237743236,-0.139863586889467,0.0171182422698381,0.769000177518637,0.0599564185933315,-0.3645991231924
1879,1,39.6330874676816,0.811134843703206,0.013194393131112,0.790312114015612,0.0582713298025513,-0.407864297445509
1880,1,28.4043880944929,0.819016346165343,0.0166182249020394,0.767651586997165,0.0927516336293784,-0.310808337054508
1881,1,27.2822275201784,0.926163440529751,0.0191182139474318,0.771398118882867,0.0665757234375129,-0.319777430563514
1882,0,NA,NA,NA,NA,NA,NA
1883,0,NA,NA,NA,NA,NA,NA
1884,1,32.5452706798084,1.46616273889991,0.0168577776419267,0.815766081589923,0.0570508851318588,-0.395918036458844
1885,1,25.649236189924,0.193394968507691,0.0190634891875862,0.750666079530433,0.101988861534671,-0.253506122580395
1886,0,NA,NA,NA,NA,NA,NA
1887,0,NA,NA,NA,NA,NA,NA
1888,1,24.9768701142883,0.797326518025185,0.0198866406113188,0.763545253487326,0.0759126555593527,-0.276156872234143
1889,0,NA,NA,NA,NA,NA,NA
1890,1,28.9618304271321,1.08054154791951,0.0190216761049052,0.80787182994761,0.067788355260465,-0.359874950511464
1891,0,NA,NA,NA,NA,NA,NA
1892,1,43.4241204963678,2.22350929184292,0.0150150422545931,0.859467023839807,0.01749786458858,-0.471489803198875
1893,0,NA,NA,NA,NA,NA,NA
1894,1,36.2936226280741,2.26974067116458,0.0177494684317139,0.873998827763779,0.0264311964969965,-0.408607217208563
1895,1,25.5739111875454,-1.06577409661179,0.032317818811747,0.82795015927103,0.0783571516089915,-0.298320733954935
1896,1,31.3659443884019,0.329367525450334,0.0197757105164688,0.809351220015114,0.0671478747743848,-0.353636173277894
1897,1,25.9640968961994,0.950821130818288,0.0224532020573542,0.82877231213608,0.0788772510717729,-0.358484412360888
1898,1,42.2098295625365,-0.112720318239305,0.0135861271569404,0.788063083587538,0.0388844294298199,-0.408226985709188
1899,0,NA,NA,NA,NA,NA,NA
1900,0,NA,NA,NA,NA,NA,NA
1901,0,NA,NA,NA,NA,NA,NA
1902,0,NA,NA,NA,NA,NA,NA
1903,1,34.8618393851666,0.201591044571285,0.0170414433480223,0.792460856968982,0.0717820600868861,-0.385010085947159
1904,0,NA,NA,NA,NA,NA,NA
1905,1,41.1679574276184,0.674393857409473,0.0156918775911987,0.827737467254531,0.0325713034688892,-0.446690086147357
1906,1,27.0684870210453,0.374487628839759,0.0184619445732271,0.768932076154231,0.0828838131367653,-0.29834788098752
1907,1,33.9510121866107,1.84662376221361,0.0187380042562018,0.857320334159436,0.040697240789999,-0.434882199301074
1908,1,37.7955311625077,0.662424894231692,0.0144017519853429,0.783896058483298,0.0610249617769155,-0.452685553399444
1909,1,28.4330328257351,0.838643388952654,0.0163715759310915,0.790603448686179,0.0892395932875673,-0.286422137606604
1910,1,27.5228462542562,1.10351808082167,0.0220913588199729,0.854051536360021,0.0611296893677162,-0.306745098535123
1911,0,NA,NA,NA,NA,NA,NA
1912,1,48.2257116035688,-1.61866483082276,0.0166637707418958,0.803781473196648,0.0208264099419703,-0.504765015121621
1913,1,26.7360496652362,1.08269295808252,0.0242699268565877,0.863850664749685,0.0588809001787025,-0.335514564614592
1914,1,28.8004236916074,0.995896580089348,0.0221306325433455,0.817448716029174,0.0395032845456127,-0.296698700193386
1915,1,24.8046416779543,0.951965125964675,0.0244101555463416,0.819951193254422,0.0605707924475339,-0.31437935296625
1916,1,26.9773519483754,0.920265820754105,0.0240122841868708,0.840686985558977,0.0684850330993133,-0.346753092532369
1917,1,25.4601408736035,0.885744614100964,0.0178300350294936,0.784535048451025,0.0912240820570284,-0.237498941342659
1918,0,NA,NA,NA,NA,NA,NA
1919,0,NA,NA,NA,NA,NA,NA
1920,1,27.7811404955893,1.10731147539449,0.0214957295580495,0.853395449088046,0.073346590101232,-0.344779302807677
1921,0,NA,NA,NA,NA,NA,NA
1922,1,37.7333134666889,1.74765186110106,0.015453100050812,0.842366124610576,0.0533477737028439,-0.42820695336573
1923,1,24.9779504917231,0.412456570024877,0.0182413694919686,0.728663784420128,0.090563142622318,-0.276546141463647
1924,1,30.3977919135282,1.90533934810323,0.0215748396147597,0.866749900298099,0.0203014170265533,-0.360007396087601
1925,0,NA,NA,NA,NA,NA,NA
1926,1,40.4289993050009,1.31586870050217,0.0136483457108716,0.812542691861972,0.0544199808935035,-0.40474699476947
1927,1,40.6632882311523,2.14730508485268,0.0116981417296281,0.798851649050666,0.0502254141718941,-0.382525356862632
1928,1,27.7132902433698,0.955581259285214,0.0207126369910902,0.815361570288787,0.0661054355140995,-0.344357992407083
1929,0,NA,NA,NA,NA,NA,NA
1930,0,NA,NA,NA,NA,NA,NA
1931,1,23.3958190972712,0.746253922279146,0.025785544567323,0.799576695408927,0.0798344823348762,-0.287282732866223
1932,0,NA,NA,NA,NA,NA,NA
1933,1,26.4456116097359,-0.754889439766773,0.0202270881941994,0.732037116334086,0.110054743283947,-0.264598725952433
1934,0,NA,NA,NA,NA,NA,NA
1935,1,34.14025047982,1.73271361045593,0.0161406672633378,0.846464676957678,0.0680348397066333,-0.390982284948269
1936,0,NA,NA,NA,NA,NA,NA
1937,1,33.911630968634,0.313669998672966,0.017976211612268,0.808112346573744,0.0606506729647162,-0.366368369767127
1938,1,35.3296120623641,-1.25882675907904,0.0189893576461579,0.794903313717417,0.0613745993313291,-0.342273108510148
1939,0,NA,NA,NA,NA,NA,NA
1940,1,40.924910205828,1.96708031525744,0.0143633113659307,0.844092629741632,0.0542301734570918,-0.480629927439266
1941,0,NA,NA,NA,NA,NA,NA
1942,1,22.2667018477431,0.531058769490073,0.0231249005406747,0.76426678755718,0.106398661561522,-0.268608768991553
1943,0,NA,NA,NA,NA,NA,NA
1944,0,NA,NA,NA,NA,NA,NA
1945,1,27.8844993257898,0.455691105452293,0.0170034542256327,0.730426861945723,0.0791584207410692,-0.291236398338303
1946,0,NA,NA,NA,NA,NA,NA
1947,0,NA,NA,NA,NA,NA,NA
1948,0,NA,NA,NA,NA,NA,NA
1949,1,23.5978152220523,0.725007502188881,0.0285820149206893,0.831205219737543,0.0591627881236164,-0.256519983551705
1950,0,NA,NA,NA,NA,NA,NA
1951,1,24.5035036484786,0.950050885757062,0.0246840106180797,0.819024525148098,0.0573391660257942,-0.280751829602943
1952,0,NA,NA,NA,NA,NA,NA
1953,0,NA,NA,NA,NA,NA,NA
1954,1,47.3153117311592,0.457791538612644,0.0144167402135241,0.8420108101456,0.0407982689706069,-0.476231609823094
1955,1,44.0825809975296,-2.15271276316437,0.0152703954184981,0.799750038853215,0.0715703846787763,-0.443560866862859
1956,0,NA,NA,NA,NA,NA,NA
1957,1,36.1726291150521,1.15355515450963,0.0172247695244748,0.838738055083329,0.0572426034854822,-0.428476922255422
1958,1,29.7316395119706,1.35402758566722,0.0170827835051559,0.797146152973556,0.0656923507637677,-0.353903401815061
1959,1,23.6142368140736,0.740924938904986,0.0239352117934803,0.773686170256814,0.0635167260227301,-0.243944585058987
1960,1,35.6669554126758,1.32432245991694,0.015873676200625,0.821787141948598,0.0611908841870454,-0.438689229835801
1961,0,NA,NA,NA,NA,NA,NA
1962,1,31.472342263502,0.945880815619347,0.0194047017173325,0.835417850536935,0.0527561224539863,-0.358297893426477
1963,1,31.5561629836051,-1.24480239619387,0.0223451146157694,0.791359559965064,0.0705781814903137,-0.320207171444951
1964,1,26.1567924514725,0.779845028950265,0.0225318047068601,0.820907723851609,0.0793954948964997,-0.348261667954819
1965,1,26.9193285417492,1.19575622357135,0.0200666939959461,0.805624653906818,0.0663081489425928,-0.357891719552286
1966,0,NA,NA,NA,NA,NA,NA
1967,1,43.6604753058762,2.44518501065591,0.0140735175027312,0.862469670791068,0.0484844556196787,-0.5246015154595
1968,1,29.4832796965452,1.23229902971083,0.0172587067415316,0.779267462786971,0.0673789242240661,-0.377198067534281
1969,0,NA,NA,NA,NA,NA,NA
1970,1,41.6445333777731,2.30484914607291,0.0152902611400996,0.868514492916423,0.0332889456596529,-0.49171689554544
1971,0,NA,NA,NA,NA,NA,NA
1972,1,31.5872703049196,0.10309792098015,0.0167978774623425,0.766633309031447,0.0668834139204953,-0.314463880621417
1973,0,NA,NA,NA,NA,NA,NA
1974,0,NA,NA,NA,NA,NA,NA
1975,1,20.894450300343,0.143126413942751,0.0215583137786076,0.695988845845568,0.0971541853026431,-0.198771952681521
1976,0,NA,NA,NA,NA,NA,NA
1977,1,37.0855798061978,1.40277545794693,0.0154035064358469,0.829262221960364,0.0542240069786804,-0.430642808971361
1978,0,NA,NA,NA,NA,NA,NA
1979,0,NA,NA,NA,NA,NA,NA
1980,0,NA,NA,NA,NA,NA,NA
1981,1,28.8478022557009,1.28450502757739,0.0231649408331385,0.864033352134353,0.0543100335062019,-0.385760945342718
1982,0,NA,NA,NA,NA,NA,NA
1983,1,30.5938826657948,0.987674171322031,0.0206521910033151,0.834300091261088,0.0496199522341949,-0.353697826472384
1984,1,35.2681386789238,1.33017485287052,0.0169403348397814,0.814767083170582,0.0321792939951529,-0.379496436734528
1985,1,24.3669592441047,0.724883691143507,0.020803245955392,0.795965437719297,0.094937502839179,-0.335059334827822
1986,0,NA,NA,NA,NA,NA,NA
1987,1,47.283972503471,0.0300661752684772,0.0147264678637779,0.849822920116449,0.0510455884611245,-0.476398564159912
1988,1,27.1950517823719,-1.33775561579594,0.0224212081821159,0.747874529098556,0.109332674430419,-0.249898359947828
1989,0,NA,NA,NA,NA,NA,NA
1990,1,29.4847023652881,1.46030832621269,0.0226831975551621,0.889579523493904,0.0557297840774289,-0.391889292461731
1991,1,36.3409507747545,1.57200327142531,0.0134028959220988,0.787841336871344,0.0593936079485397,-0.399364968848199
1992,1,22.7352241787908,0.712157372650947,0.0222922647082151,0.766024896694461,0.093792876103417,-0.284328202373811
1993,1,30.712253246149,-1.23713179046714,0.0263292284543703,0.807765201952684,0.0611031982742825,-0.313165092044744
1994,1,26.5043353297716,0.335569410233891,0.0184421313432188,0.749927744133879,0.0803951865151053,-0.220959046032778
1995,0,NA,NA,NA,NA,NA,NA
1996,1,26.0857506737073,0.402373740153998,0.0156491483495318,0.697637064451115,0.0882334877362505,-0.241299433542857
1997,1,32.0913981167921,1.50240876739354,0.0193444502835478,0.862747567057623,0.043151464851487,-0.344839208048635
1998,1,36.0686541814266,1.79408528250368,0.0158643163617277,0.838962305543278,0.0559637635387945,-0.457203763489447
1999,1,26.1994351778148,0.850857004661281,0.0181673404115563,0.760725805722998,0.078587727733018,-0.297903351277879
2000,0,NA,NA,NA,NA,NA,NA
